cell_per_block,colorspace,hog_channel,n_predict,nfeatures,orient,pix_per_cell,predict_secs,test_accy,train_secs
4,LUV,ALL,10,720,15,16,0.00353,1.0,0.03
1,HSV,ALL,10,1152,6,8,0.0035,1.0,0.05
3,YUV,ALL,10,1620,15,16,0.00299,1.0,0.07
3,LUV,ALL,10,1620,15,16,0.00552,1.0,0.08
4,LUV,ALL,10,2880,15,12,0.00369,1.0,0.15
2,YCrCb,ALL,10,3528,6,8,0.00428,1.0,0.16
3,LUV,ALL,10,3645,15,12,0.00335,1.0,0.18
2,HSV,ALL,10,7056,12,8,0.00341,1.0,0.35
4,YCrCb,ALL,10,7200,6,8,0.00411,1.0,0.42
1,HSV,ALL,10,9216,12,4,0.00486,1.0,0.47
1,HLS,ALL,10,9216,12,4,0.00331,1.0,0.48
3,YUV,ALL,10,8748,9,8,0.00361,1.0,0.5
3,HSV,ALL,10,11664,12,8,0.00414,1.0,0.74
3,LUV,ALL,10,14580,15,8,0.00365,1.0,0.8
2,LUV,ALL,10,16200,6,4,0.0036,1.0,0.87
4,YUV,ALL,10,18000,15,8,0.00445,1.0,0.91
2,HSV,ALL,10,24300,9,4,0.00452,1.0,1.39
3,LUV,ALL,10,31752,6,4,0.0054,1.0,1.73
3,HLS,ALL,10,63504,12,4,0.00613,1.0,4.33
4,HSV,ALL,10,97344,12,4,0.00877,1.0,9.95
4,YCrCb,ALL,10,121680,15,4,0.01236,1.0,17.93
4,YCrCb,ALL,10,288,6,16,0.00286,0.995,0.02
1,YCrCb,ALL,10,576,12,16,0.00348,0.995,0.02
4,YUV,ALL,10,576,12,16,0.00357,0.995,0.02
4,YCrCb,ALL,10,576,12,16,0.00361,0.995,0.02
4,YUV,1,10,240,15,16,0.00362,0.995,0.02
1,LUV,ALL,10,720,15,16,0.00327,0.995,0.03
4,LUV,ALL,10,576,12,16,0.00363,0.995,0.03
1,HSV,ALL,10,576,12,16,0.00391,0.995,0.03
4,YCrCb,ALL,10,720,15,16,0.00328,0.995,0.04
2,YCrCb,1,10,768,12,12,0.00337,0.995,0.04
1,HLS,ALL,10,720,15,16,0.00378,0.995,0.04
1,HLS,ALL,10,900,12,12,0.00386,0.995,0.04
1,HSV,ALL,10,900,12,12,0.00438,0.995,0.04
4,HSV,ALL,10,720,15,16,0.00464,0.995,0.04
2,YCrCb,ALL,10,1152,6,12,0.00308,0.995,0.05
1,HSV,ALL,10,1125,15,12,0.00346,0.995,0.05
1,HLS,ALL,10,1152,6,8,0.00306,0.995,0.06
1,YCrCb,ALL,10,1728,9,8,0.00344,0.995,0.07
2,HLS,ALL,10,1296,12,16,0.00346,0.995,0.07
2,YCrCb,ALL,10,1296,12,16,0.00364,0.995,0.07
1,YUV,ALL,10,1728,9,8,0.00378,0.995,0.07
2,LUV,ALL,10,1152,6,12,0.0038,0.995,0.07
2,YUV,ALL,10,1728,9,12,0.0031,0.995,0.08
2,YCrCb,ALL,10,1620,15,16,0.00345,0.995,0.08
2,LUV,ALL,10,1620,15,16,0.00484,0.995,0.08
3,YCrCb,ALL,10,1620,15,16,0.00352,0.995,0.09
2,LUV,ALL,10,2304,12,12,0.00412,0.995,0.1
1,HLS,ALL,10,2304,12,8,0.00319,0.995,0.11
2,YUV,ALL,10,2304,12,12,0.00352,0.995,0.11
3,YUV,ALL,10,2187,9,12,0.00456,0.995,0.11
4,YUV,ALL,10,2880,15,12,0.00375,0.995,0.12
3,LUV,ALL,10,2916,12,12,0.00347,0.995,0.13
3,YUV,ALL,10,2916,12,12,0.00349,0.995,0.13
2,HSV,ALL,10,2304,12,12,0.00364,0.995,0.13
1,YCrCb,ALL,10,2880,15,8,0.00399,0.995,0.13
2,HLS,ALL,10,7056,12,8,0.00451,0.995,0.36
1,YUV,ALL,10,9216,12,4,0.00372,0.995,0.45
1,YUV,ALL,10,11520,15,4,0.00411,0.995,0.57
2,LUV,2,10,10800,12,4,0.00389,0.995,0.58
2,YCrCb,ALL,10,8820,15,8,0.00354,0.995,0.59
4,YUV,ALL,10,10800,9,8,0.00451,0.995,0.59
1,HSV,ALL,10,11520,15,4,0.00371,0.995,0.62
3,YUV,ALL,10,11664,12,8,0.00368,0.995,0.63
3,HLS,ALL,10,8748,9,8,0.00362,0.995,0.64
1,HLS,ALL,10,11520,15,4,0.00453,0.995,0.65
3,YCrCb,ALL,10,11664,12,8,0.01361,0.995,0.82
4,LUV,ALL,10,14400,12,8,0.00435,0.995,0.89
3,HLS,ALL,10,14580,15,8,0.00446,0.995,0.92
4,HSV,ALL,10,14400,12,8,0.00381,0.995,1.06
2,YCrCb,ALL,10,16200,6,4,0.00385,0.995,1.19
3,HLS,0,10,21168,12,4,0.00766,0.995,1.52
3,YUV,ALL,10,31752,6,4,0.00449,0.995,1.58
3,HSV,ALL,10,31752,6,4,0.00397,0.995,1.69
3,YCrCb,ALL,10,31752,6,4,0.00427,0.995,1.92
2,HLS,ALL,10,40500,15,4,0.00502,0.995,2.16
2,HLS,ALL,10,32400,12,4,0.0052,0.995,2.63
4,YCrCb,ALL,10,48672,6,4,0.00559,0.995,3.05
3,YUV,ALL,10,63504,12,4,0.00614,0.995,3.36
4,HLS,ALL,10,73008,9,4,0.00599,0.995,4.34
3,LUV,ALL,10,79380,15,4,0.00711,0.995,4.53
4,YUV,ALL,10,73008,9,4,0.01095,0.995,6.69
4,LUV,ALL,10,97344,12,4,0.00845,0.995,9.67
4,YCrCb,ALL,10,97344,12,4,0.00892,0.995,12.4
1,YCrCb,ALL,10,432,9,16,0.00284,0.99,0.02
1,LUV,ALL,10,432,9,16,0.00305,0.99,0.02
4,LUV,ALL,10,432,9,16,0.00328,0.99,0.02
4,YUV,ALL,10,288,6,16,0.00376,0.99,0.02
4,HSV,ALL,10,576,12,16,0.00342,0.99,0.03
1,YUV,ALL,10,576,12,16,0.00348,0.99,0.03
4,YUV,ALL,10,720,15,16,0.00386,0.99,0.03
1,HSV,ALL,10,432,9,16,0.00495,0.99,0.03
2,YCrCb,ALL,10,648,6,16,0.00299,0.99,0.04
2,HSV,ALL,10,648,6,16,0.00316,0.99,0.04
1,LUV,ALL,10,900,12,12,0.00331,0.99,0.04
1,HSV,ALL,10,720,15,16,0.00342,0.99,0.04
1,YCrCb,ALL,10,1125,15,12,0.00312,0.99,0.05
2,YUV,ALL,10,1152,6,12,0.00316,0.99,0.05
2,YCrCb,ALL,10,972,9,16,0.00321,0.99,0.05
3,YUV,ALL,10,1296,12,16,0.00322,0.99,0.05
1,YUV,ALL,10,1125,15,12,0.00327,0.99,0.05
1,LUV,ALL,10,1125,15,12,0.00387,0.99,0.05
3,LUV,ALL,10,1296,12,16,0.00312,0.99,0.06
3,LUV,ALL,10,972,9,16,0.00437,0.99,0.06
2,HSV,ALL,10,1296,12,16,0.00321,0.99,0.07
2,HSV,ALL,10,1152,6,12,0.00335,0.99,0.07
4,LUV,ALL,10,1152,6,12,0.00363,0.99,0.07
4,LUV,ALL,10,2304,12,12,0.00358,0.99,0.09
2,YUV,1,10,2352,12,8,0.00341,0.99,0.11
1,HSV,ALL,10,2304,12,8,0.00427,0.99,0.11
3,LUV,ALL,10,2187,9,12,0.00393,0.99,0.13
2,YUV,ALL,10,2880,15,12,0.00359,0.99,0.14
3,YUV,ALL,10,3645,15,12,0.00375,0.99,0.15
2,RGB,1,10,2940,15,8,0.00317,0.99,0.2
3,HLS,ALL,10,2916,12,12,0.00437,0.99,0.22
1,LUV,2,10,3840,15,4,0.00346,0.99,0.23
3,YCrCb,0,10,2916,9,8,0.0044,0.99,0.23
2,YUV,ALL,10,5292,9,8,0.00298,0.99,0.24
2,LUV,ALL,10,5292,9,8,0.00332,0.99,0.24
2,HSV,ALL,10,5292,9,8,0.00374,0.99,0.27
1,YCrCb,ALL,10,6912,9,4,0.00394,0.99,0.31
1,HSV,ALL,10,6912,9,4,0.00417,0.99,0.34
3,YCrCb,0,10,3888,12,8,0.00471,0.99,0.34
2,HLS,ALL,10,5292,9,8,0.00362,0.99,0.43
2,HSV,ALL,10,8820,15,8,0.00508,0.99,0.52
3,LUV,ALL,10,11664,12,8,0.0036,0.99,0.64
3,HLS,ALL,10,11664,12,8,0.00363,0.99,0.7
3,YUV,ALL,10,14580,15,8,0.00363,0.99,0.73
4,HLS,ALL,10,10800,9,8,0.00409,0.99,0.77
2,LUV,2,10,13500,15,4,0.00458,0.99,0.8
2,YUV,ALL,10,16200,6,4,0.0042,0.99,0.85
2,HSV,ALL,10,16200,6,4,0.00364,0.99,0.87
3,YCrCb,0,10,10584,6,4,0.00556,0.99,0.89
4,HLS,ALL,10,14400,12,8,0.00568,0.99,0.95
3,YCrCb,2,10,15876,9,4,0.0036,0.99,0.98
4,YCrCb,ALL,10,18000,15,8,0.00425,0.99,1.01
3,YUV,1,10,21168,12,4,0.00498,0.99,1.05
4,LUV,ALL,10,18000,15,8,0.01077,0.99,1.27
2,LUV,ALL,10,24300,9,4,0.00409,0.99,1.29
2,YCrCb,ALL,10,24300,9,4,0.00539,0.99,1.3
2,HSV,ALL,10,32400,12,4,0.00419,0.99,1.68
4,LUV,2,10,32448,12,4,0.00436,0.99,1.71
4,YCrCb,2,10,32448,12,4,0.00461,0.99,1.73
4,RGB,0,10,32448,12,4,0.00389,0.99,2.15
2,YCrCb,ALL,10,40500,15,4,0.00459,0.99,2.19
2,LUV,ALL,10,40500,15,4,0.00512,0.99,2.19
3,YUV,ALL,10,47628,9,4,0.00532,0.99,2.27
4,YCrCb,2,10,40560,15,4,0.00488,0.99,2.51
4,YUV,ALL,10,48672,6,4,0.00614,0.99,2.52
3,HLS,ALL,10,47628,9,4,0.00479,0.99,2.87
3,YUV,ALL,10,79380,15,4,0.00619,0.99,4.6
3,HSV,ALL,10,79380,15,4,0.00633,0.99,5.17
3,YCrCb,ALL,10,63504,12,4,0.00572,0.99,6.63
4,YCrCb,ALL,10,73008,9,4,0.00598,0.99,7.41
4,HLS,ALL,10,97344,12,4,0.00958,0.99,13.08
4,YUV,ALL,10,121680,15,4,0.00875,0.99,13.68
4,HSV,ALL,10,121680,15,4,0.01,0.99,14.73
4,YCrCb,1,10,240,15,16,0.00294,0.985,0.02
1,HLS,ALL,10,450,6,12,0.00313,0.985,0.02
1,YCrCb,1,10,375,15,12,0.00324,0.985,0.02
4,YUV,ALL,10,432,9,16,0.00326,0.985,0.02
1,LUV,ALL,10,288,6,16,0.00372,0.985,0.02
1,YCrCb,ALL,10,675,9,12,0.00271,0.985,0.03
1,HLS,ALL,10,576,12,16,0.00298,0.985,0.03
1,YUV,ALL,10,675,9,12,0.00312,0.985,0.03
1,LUV,ALL,10,576,12,16,0.00355,0.985,0.03
1,HSV,ALL,10,288,6,16,0.00363,0.985,0.03
2,LUV,ALL,10,648,6,16,0.00364,0.985,0.03
4,YUV,1,10,960,15,12,0.00324,0.985,0.04
3,YCrCb,ALL,10,648,6,16,0.00333,0.985,0.04
3,YUV,ALL,10,648,6,16,0.00337,0.985,0.04
3,LUV,ALL,10,648,6,16,0.00399,0.985,0.04
2,YUV,ALL,10,972,9,16,0.00309,0.985,0.05
2,LUV,ALL,10,972,9,16,0.00323,0.985,0.05
4,HLS,ALL,10,720,15,16,0.00341,0.985,0.05
2,YCrCb,1,10,960,15,12,0.00347,0.985,0.05
1,HSV,0,10,768,12,8,0.00364,0.985,0.05
2,YUV,1,10,960,15,12,0.00394,0.985,0.05
4,LUV,1,10,960,15,12,0.00304,0.985,0.06
1,HLS,ALL,10,1125,15,12,0.00332,0.985,0.06
4,YCrCb,1,10,768,12,12,0.00355,0.985,0.06
3,HLS,ALL,10,648,6,16,0.00383,0.985,0.06
2,LUV,1,10,768,12,12,0.00534,0.985,0.06
1,YCrCb,ALL,10,900,12,12,0.00864,0.985,0.06
2,HSV,0,10,768,12,12,0.00321,0.985,0.07
2,HLS,ALL,10,1152,6,12,0.00336,0.985,0.07
1,LUV,ALL,10,1728,9,8,0.00355,0.985,0.07
1,YUV,ALL,10,1152,6,8,0.00461,0.985,0.07
2,LUV,ALL,10,1296,12,16,0.00546,0.985,0.07
3,LUV,1,10,1215,15,12,0.0156,0.985,0.07
3,LUV,ALL,10,1458,6,12,0.00317,0.985,0.08
1,LUV,2,10,1536,6,4,0.00304,0.985,0.09
3,HLS,ALL,10,1296,12,16,0.00316,0.985,0.09
3,HSV,ALL,10,1458,6,12,0.00344,0.985,0.1
1,LUV,ALL,10,2304,12,8,0.00435,0.985,0.11
2,LUV,1,10,2352,12,8,0.00373,0.985,0.12
1,YUV,0,10,2304,9,4,0.00322,0.985,0.13
3,HLS,ALL,10,1458,6,12,0.00379,0.985,0.13
1,LUV,ALL,10,2880,15,8,0.00392,0.985,0.13
1,YCrCb,ALL,10,2304,12,8,0.00414,0.985,0.13
4,YCrCb,ALL,10,2304,12,12,0.00247,0.985,0.15
4,HSV,ALL,10,2304,12,12,0.00362,0.985,0.16
2,LUV,ALL,10,3528,6,8,0.00394,0.985,0.16
2,HLS,ALL,10,2304,12,12,0.0053,0.985,0.16
1,YUV,1,10,3840,15,4,0.0035,0.985,0.17
2,YUV,0,10,2352,12,8,0.00367,0.985,0.18
1,HSV,ALL,10,4608,6,4,0.00428,0.985,0.18
1,YCrCb,2,10,3840,15,4,0.0041,0.985,0.19
1,HLS,ALL,10,4608,6,4,0.00408,0.985,0.2
3,YUV,1,10,4860,15,8,0.00347,0.985,0.21
4,YUV,1,10,4800,12,8,0.0033,0.985,0.23
2,RGB,2,10,2940,15,8,0.00371,0.985,0.23
4,HLS,ALL,10,2880,15,12,0.00449,0.985,0.24
2,YCrCb,ALL,10,5292,9,8,0.00459,0.985,0.24
3,HLS,ALL,10,3645,15,12,0.00349,0.985,0.26
4,LUV,1,10,4800,12,8,0.00349,0.985,0.27
3,LUV,ALL,10,5832,6,8,0.0035,0.985,0.29
4,LUV,0,10,2400,6,8,0.00384,0.985,0.29
1,YUV,ALL,10,6912,9,4,0.00346,0.985,0.3
1,HLS,ALL,10,6912,9,4,0.00353,0.985,0.3
3,RGB,1,10,3888,12,8,0.00383,0.985,0.3
2,YUV,ALL,10,7056,12,8,0.00364,0.985,0.32
3,RGB,1,10,4860,15,8,0.00356,0.985,0.4
2,YCrCb,ALL,10,7056,12,8,0.00499,0.985,0.42
3,LUV,ALL,10,8748,9,8,0.00343,0.985,0.45
4,HLS,0,10,6000,15,8,0.00347,0.985,0.45
2,LUV,ALL,10,8820,15,8,0.00341,0.985,0.48
1,LUV,ALL,10,9216,12,4,0.00407,0.985,0.48
2,LUV,0,10,8100,9,4,0.00351,0.985,0.49
2,RGB,2,10,5400,6,4,0.00417,0.985,0.49
2,HLS,ALL,10,8820,15,8,0.00522,0.985,0.5
2,YUV,1,10,10800,12,4,0.00383,0.985,0.55
4,YCrCb,ALL,10,10800,9,8,0.00534,0.985,0.65
1,RGB,ALL,10,9216,12,4,0.0045,0.985,0.7
4,HSV,ALL,10,10800,9,8,0.00408,0.985,0.78
4,YUV,ALL,10,14400,12,8,0.00405,0.985,0.8
1,YCrCb,ALL,10,11520,15,4,0.00452,0.985,0.8
3,LUV,0,10,10584,6,4,0.0051,0.985,0.81
2,RGB,2,10,13500,15,4,0.0035,0.985,0.86
3,RGB,2,10,10584,6,4,0.00528,0.985,0.92
3,YCrCb,ALL,10,14580,15,8,0.00404,0.985,0.93
4,YCrCb,ALL,10,14400,12,8,0.00426,0.985,0.93
3,LUV,1,10,21168,12,4,0.00415,0.985,1.16
4,HSV,ALL,10,18000,15,8,0.00492,0.985,1.2
4,LUV,1,10,24336,9,4,0.00505,0.985,1.31
3,YCrCb,0,10,15876,9,4,0.00552,0.985,1.31
4,RGB,ALL,10,14400,12,8,0.00416,0.985,1.33
2,HLS,ALL,10,24300,9,4,0.00508,0.985,1.36
3,LUV,0,10,15876,9,4,0.00461,0.985,1.37
3,YUV,1,10,26460,15,4,0.00389,0.985,1.38
4,RGB,ALL,10,10800,9,8,0.00428,0.985,1.41
3,RGB,1,10,21168,12,4,0.00449,0.985,1.41
3,YCrCb,0,10,21168,12,4,0.00448,0.985,1.48
2,YCrCb,ALL,10,32400,12,4,0.00486,0.985,1.65
3,HLS,ALL,10,31752,6,4,0.00527,0.985,1.68
2,LUV,ALL,10,32400,12,4,0.00476,0.985,1.7
2,YUV,ALL,10,40500,15,4,0.00475,0.985,1.9
4,YUV,0,10,24336,9,4,0.00386,0.985,2.02
4,LUV,2,10,40560,15,4,0.00433,0.985,2.08
2,HSV,ALL,10,40500,15,4,0.0047,0.985,2.15
4,HLS,0,10,40560,15,4,0.00526,0.985,2.44
3,YCrCb,ALL,10,47628,9,4,0.00544,0.985,2.78
4,RGB,1,10,40560,15,4,0.00468,0.985,2.79
4,HSV,2,10,40560,15,4,0.00463,0.985,3.14
3,HSV,ALL,10,63504,12,4,0.00598,0.985,3.37
4,HSV,ALL,10,73008,9,4,0.0057,0.985,4.69
4,YUV,ALL,10,97344,12,4,0.00612,0.985,10.1
4,LUV,ALL,10,121680,15,4,0.00774,0.985,14.39
1,YUV,ALL,10,288,6,16,0.00314,0.98,0.01
1,YCrCb,ALL,10,288,6,16,0.00335,0.98,0.01
1,YUV,ALL,10,450,6,12,0.00295,0.98,0.02
2,YCrCb,1,10,432,12,16,0.00314,0.98,0.02
1,YUV,1,10,240,15,16,0.00323,0.98,0.02
1,YUV,ALL,10,432,9,16,0.00341,0.98,0.02
1,HSV,ALL,10,450,6,12,0.00384,0.98,0.02
1,LUV,ALL,10,675,9,12,0.00282,0.98,0.03
2,YUV,1,10,540,15,16,0.00309,0.98,0.03
1,YUV,ALL,10,720,15,16,0.00347,0.98,0.03
1,YUV,1,10,576,9,8,0.0036,0.98,0.03
1,YCrCb,ALL,10,720,15,16,0.00372,0.98,0.03
2,YCrCb,1,10,216,6,16,0.00361,0.98,0.04
3,YCrCb,ALL,10,972,9,16,0.00333,0.98,0.05
1,YCrCb,ALL,10,1152,6,8,0.00339,0.98,0.05
1,YCrCb,1,10,768,12,8,0.00382,0.98,0.05
3,YUV,ALL,10,972,9,16,0.00443,0.98,0.05
2,HLS,ALL,10,972,9,16,0.00342,0.98,0.06
2,YUV,ALL,10,1296,12,16,0.00349,0.98,0.06
2,LUV,2,10,1176,6,8,0.00301,0.98,0.07
3,YUV,ALL,10,1458,6,12,0.00324,0.98,0.07
2,YCrCb,0,10,540,15,16,0.00404,0.98,0.07
1,HSV,ALL,10,1728,9,8,0.00319,0.98,0.08
1,YUV,1,10,1536,6,4,0.00364,0.98,0.08
2,LUV,ALL,10,1728,9,12,0.00369,0.98,0.08
4,YUV,ALL,10,1728,9,12,0.00334,0.98,0.09
1,YUV,ALL,10,2304,12,8,0.00348,0.98,0.09
3,HLS,ALL,10,972,9,16,0.00305,0.98,0.11
2,RGB,0,10,1176,6,8,0.00336,0.98,0.11
3,YCrCb,ALL,10,2187,9,12,0.00363,0.98,0.11
1,HLS,0,10,2304,9,4,0.00421,0.98,0.12
2,LUV,ALL,10,2880,15,12,0.00323,0.98,0.13
1,LUV,0,10,2304,9,4,0.00345,0.98,0.13
3,YCrCb,ALL,10,2916,12,12,0.00397,0.98,0.13
3,YCrCb,0,10,972,12,12,0.00981,0.98,0.13
1,HLS,ALL,10,2880,15,8,0.00391,0.98,0.14
1,HLS,0,10,3072,12,4,0.00412,0.98,0.14
1,HSV,ALL,10,2880,15,8,0.00352,0.98,0.15
4,HLS,ALL,10,2304,12,12,0.004,0.98,0.15
4,YCrCb,ALL,10,2880,15,12,0.0043,0.98,0.15
4,RGB,1,10,768,12,12,0.00369,0.98,0.16
1,HSV,2,10,3072,12,4,0.00379,0.98,0.16
1,LUV,0,10,3072,12,4,0.00315,0.98,0.17
3,RGB,1,10,1215,15,12,0.00333,0.98,0.17
2,HSV,0,10,2940,15,8,0.00379,0.98,0.17
2,HSV,ALL,10,3528,6,8,0.0036,0.98,0.18
1,HLS,0,10,3840,15,4,0.00402,0.98,0.18
4,LUV,ALL,10,1728,9,12,0.00942,0.98,0.18
3,YUV,0,10,486,6,12,0.00362,0.98,0.19
1,YUV,ALL,10,4608,6,4,0.00392,0.98,0.19
3,LUV,1,10,3888,12,8,0.00468,0.98,0.19
3,HLS,1,10,1944,6,8,0.00318,0.98,0.2
1,LUV,ALL,10,4608,6,4,0.00403,0.98,0.2
3,RGB,ALL,10,1620,15,16,0.00365,0.98,0.21
3,YCrCb,0,10,1944,6,8,0.00412,0.98,0.21
3,LUV,0,10,1944,6,8,0.00428,0.98,0.21
3,YUV,0,10,1944,6,8,0.00482,0.98,0.24
2,RGB,ALL,10,972,9,16,0.0062,0.98,0.24
2,HSV,0,10,5400,6,4,0.0032,0.98,0.25
4,RGB,ALL,10,1152,6,12,0.00392,0.98,0.26
3,RGB,2,10,2916,9,8,0.00316,0.98,0.28
4,YUV,1,10,6000,15,8,0.00351,0.98,0.28
4,YCrCb,1,10,4800,12,8,0.00524,0.98,0.29
3,HSV,ALL,10,5832,6,8,0.00352,0.98,0.3
4,RGB,2,10,2400,6,8,0.00403,0.98,0.3
3,YCrCb,ALL,10,5832,6,8,0.07742,0.98,0.3
4,YUV,0,10,3600,9,8,0.00353,0.98,0.31
2,HLS,1,10,5400,6,4,0.00357,0.98,0.33
2,YUV,1,10,8100,9,4,0.00359,0.98,0.34
3,RGB,2,10,4860,15,8,0.00395,0.98,0.37
4,YUV,ALL,10,7200,6,8,0.00499,0.98,0.38
2,YCrCb,1,10,5400,6,4,0.00438,0.98,0.41
2,YUV,2,10,8100,9,4,0.00398,0.98,0.42
4,RGB,0,10,4800,12,8,0.0035,0.98,0.43
2,LUV,2,10,8100,9,4,0.00335,0.98,0.44
2,YUV,ALL,10,8820,15,8,0.00369,0.98,0.45
4,HSV,ALL,10,7200,6,8,0.00376,0.98,0.47
3,HSV,ALL,10,8748,9,8,0.00359,0.98,0.58
2,HSV,0,10,10800,12,4,0.0034,0.98,0.59
4,LUV,ALL,10,10800,9,8,0.00352,0.98,0.63
3,HLS,0,10,10584,6,4,0.00393,0.98,0.65
2,RGB,ALL,10,8820,15,8,0.00409,0.98,0.77
3,HSV,2,10,10584,6,4,0.00352,0.98,0.83
2,HLS,0,10,13500,15,4,0.00365,0.98,0.83
2,YUV,0,10,13500,15,4,0.00425,0.98,0.88
2,HLS,ALL,10,16200,6,4,0.00496,0.98,0.9
3,HSV,ALL,10,14580,15,8,0.00328,0.98,0.94
3,YUV,2,10,15876,9,4,0.00418,0.98,0.94
4,LUV,2,10,16224,6,4,0.00344,0.98,0.96
2,HLS,1,10,13500,15,4,0.00495,0.98,0.96
3,YUV,2,10,21168,12,4,0.00391,0.98,1.09
3,RGB,ALL,10,14580,15,8,0.00375,0.98,1.12
3,YCrCb,1,10,21168,12,4,0.00356,0.98,1.14
4,HLS,ALL,10,18000,15,8,0.00417,0.98,1.2
2,YUV,ALL,10,24300,9,4,0.0046,0.98,1.22
4,YCrCb,2,10,24336,9,4,0.00437,0.98,1.48
3,HSV,0,10,26460,15,4,0.0045,0.98,1.66
4,YUV,2,10,32448,12,4,0.00427,0.98,1.7
4,LUV,1,10,32448,12,4,0.00438,0.98,1.71
2,YUV,ALL,10,32400,12,4,0.00518,0.98,1.73
3,YUV,0,10,26460,15,4,0.00398,0.98,1.78
3,YCrCb,0,10,26460,15,4,0.00623,0.98,1.96
4,YCrCb,1,10,40560,15,4,0.0046,0.98,2.01
4,YUV,1,10,40560,15,4,0.00478,0.98,2.04
4,HSV,2,10,32448,12,4,0.00393,0.98,2.09
4,YUV,0,10,32448,12,4,0.00532,0.98,2.23
4,LUV,ALL,10,48672,6,4,0.00543,0.98,2.48
4,LUV,1,10,40560,15,4,0.00511,0.98,2.69
3,HSV,ALL,10,47628,9,4,0.00443,0.98,2.74
3,LUV,ALL,10,63504,12,4,0.00513,0.98,3.56
3,HLS,ALL,10,79380,15,4,0.00653,0.98,5.1
3,RGB,ALL,10,63504,12,4,0.00656,0.98,7.67
3,RGB,ALL,10,79380,15,4,0.00695,0.98,9.72
4,HLS,ALL,10,121680,15,4,0.01033,0.98,14.71
1,LUV,1,10,225,9,12,0.00311,0.975,0.02
1,HSV,0,10,384,6,8,0.00339,0.975,0.02
4,YCrCb,2,10,240,15,16,0.00381,0.975,0.02
1,YCrCb,ALL,10,450,6,12,0.00401,0.975,0.02
4,LUV,1,10,144,9,16,0.00409,0.975,0.02
1,HLS,ALL,10,288,6,16,0.00461,0.975,0.02
2,YUV,ALL,10,648,6,16,0.00288,0.975,0.03
1,LUV,2,10,225,9,12,0.00351,0.975,0.03
1,HLS,ALL,10,432,9,16,0.00378,0.975,0.03
4,YUV,1,10,768,12,12,0.00295,0.975,0.04
1,HSV,2,10,300,12,12,0.00296,0.975,0.04
3,LUV,1,10,540,15,16,0.00302,0.975,0.04
2,HLS,ALL,10,648,6,16,0.00312,0.975,0.04
1,HLS,ALL,10,675,9,12,0.00329,0.975,0.04
4,HSV,ALL,10,432,9,16,0.0033,0.975,0.04
1,YUV,1,10,960,15,8,0.00401,0.975,0.04
1,LUV,0,10,576,9,8,0.00406,0.975,0.04
2,LUV,2,10,384,6,12,0.00558,0.975,0.04
1,LUV,2,10,768,12,8,0.00625,0.975,0.04
3,HSV,ALL,10,648,6,16,0.00347,0.975,0.05
4,HSV,ALL,10,288,6,16,0.00411,0.975,0.05
3,YUV,1,10,1215,15,12,0.00316,0.975,0.06
4,YCrCb,ALL,10,1152,6,12,0.00349,0.975,0.06
2,LUV,2,10,960,15,12,0.00351,0.975,0.06
3,YCrCb,1,10,972,12,12,0.00372,0.975,0.06
1,RGB,1,10,960,15,8,0.00385,0.975,0.06
2,RGB,1,10,432,12,16,0.00464,0.975,0.06
2,YUV,0,10,540,15,16,0.00323,0.975,0.07
2,YUV,ALL,10,1620,15,16,0.00346,0.975,0.07
1,HLS,0,10,1536,6,4,0.00355,0.975,0.07
3,YCrCb,ALL,10,1458,6,12,0.00381,0.975,0.07
3,YCrCb,ALL,10,1296,12,16,0.00401,0.975,0.07
2,YCrCb,1,10,1176,6,8,0.00432,0.975,0.07
2,LUV,0,10,960,15,12,0.0031,0.975,0.08
1,YCrCb,1,10,1536,6,4,0.00314,0.975,0.08
2,YCrCb,ALL,10,1728,9,12,0.00403,0.975,0.08
4,HLS,ALL,10,1152,6,12,0.00404,0.975,0.08
3,LUV,1,10,972,12,12,0.00644,0.975,0.09
4,YUV,ALL,10,2304,12,12,0.00344,0.975,0.1
2,HSV,2,10,960,15,12,0.00347,0.975,0.1
4,HSV,ALL,10,1152,6,12,0.00353,0.975,0.1
2,LUV,0,10,1176,6,8,0.00374,0.975,0.1
1,YCrCb,1,10,2304,9,4,0.00395,0.975,0.1
2,HLS,ALL,10,1620,15,16,0.00402,0.975,0.1
2,YCrCb,ALL,10,2304,12,12,0.00455,0.975,0.1
3,YCrCb,2,10,1215,15,12,0.00352,0.975,0.11
2,HLS,ALL,10,1728,9,12,0.00369,0.975,0.11
3,HLS,ALL,10,1620,15,16,0.00344,0.975,0.12
2,RGB,1,10,1176,6,8,0.00445,0.975,0.12
1,HSV,0,10,3072,12,4,0.00329,0.975,0.13
1,YUV,ALL,10,2880,15,8,0.00349,0.975,0.13
1,YCrCb,0,10,2304,9,4,0.0042,0.975,0.14
1,LUV,2,10,3072,12,4,0.0032,0.975,0.15
2,LUV,2,10,2940,15,8,0.00334,0.975,0.15
1,YUV,1,10,3072,12,4,0.0036,0.975,0.15
1,YCrCb,1,10,3840,15,4,0.00403,0.975,0.16
2,RGB,0,10,2352,12,8,0.00328,0.975,0.18
2,HLS,0,10,2940,15,8,0.00337,0.975,0.18
2,RGB,1,10,2352,12,8,0.00341,0.975,0.18
2,RGB,ALL,10,1620,15,16,0.0039,0.975,0.18
1,HLS,1,10,3072,12,4,0.00404,0.975,0.18
1,RGB,ALL,10,2304,12,8,0.00433,0.975,0.18
4,YUV,1,10,3600,9,8,0.00411,0.975,0.2
2,HLS,1,10,2940,15,8,0.00589,0.975,0.2
1,HSV,2,10,3840,15,4,0.00442,0.975,0.22
3,LUV,1,10,4860,15,8,0.00422,0.975,0.24
3,RGB,2,10,486,6,12,0.00363,0.975,0.26
4,YUV,0,10,2400,6,8,0.0044,0.975,0.26
2,YUV,2,10,5400,6,4,0.00329,0.975,0.27
2,HLS,0,10,5400,6,4,0.00521,0.975,0.27
4,LUV,2,10,4800,12,8,0.00356,0.975,0.28
3,RGB,0,10,2916,9,8,0.00366,0.975,0.29
1,LUV,ALL,10,6912,9,4,0.00436,0.975,0.29
2,YCrCb,2,10,5400,6,4,0.00356,0.975,0.31
2,LUV,1,10,8100,9,4,0.00411,0.975,0.39
2,HSV,0,10,8100,9,4,0.00375,0.975,0.41
2,YCrCb,0,10,8100,9,4,0.00411,0.975,0.47
1,RGB,ALL,10,6912,9,4,0.00428,0.975,0.47
3,YCrCb,ALL,10,8748,9,8,0.00374,0.975,0.52
2,HLS,1,10,8100,9,4,0.00496,0.975,0.54
2,YCrCb,1,10,10800,12,4,0.00383,0.975,0.6
2,RGB,2,10,8100,9,4,0.00643,0.975,0.72
2,LUV,0,10,10800,12,4,0.00414,0.975,0.75
2,RGB,0,10,10800,12,4,0.00434,0.975,0.78
2,HSV,0,10,13500,15,4,0.00491,0.975,0.78
2,YCrCb,2,10,13500,15,4,0.00374,0.975,0.79
4,RGB,ALL,10,7200,6,8,0.00538,0.975,0.82
2,RGB,1,10,13500,15,4,0.00464,0.975,0.89
2,YCrCb,1,10,13500,15,4,0.00619,0.975,0.91
4,YUV,2,10,16224,6,4,0.00441,0.975,0.94
4,HSV,0,10,16224,6,4,0.0045,0.975,0.98
3,HLS,0,10,15876,9,4,0.00386,0.975,1.04
3,LUV,2,10,21168,12,4,0.00419,0.975,1.14
3,RGB,ALL,10,11664,12,8,0.00675,0.975,1.21
3,HSV,2,10,15876,9,4,0.00363,0.975,1.23
4,YCrCb,1,10,24336,9,4,0.00469,0.975,1.29
4,HSV,2,10,16224,6,4,0.00444,0.975,1.36
3,RGB,0,10,10584,6,4,0.00471,0.975,1.37
4,YCrCb,0,10,16224,6,4,0.00368,0.975,1.38
4,YUV,2,10,24336,9,4,0.00592,0.975,1.38
4,LUV,2,10,24336,9,4,0.00392,0.975,1.4
3,LUV,2,10,26460,15,4,0.00464,0.975,1.42
4,RGB,ALL,10,18000,15,8,0.08154,0.975,1.44
3,RGB,2,10,15876,9,4,0.0043,0.975,1.5
4,LUV,0,10,16224,6,4,0.00378,0.975,1.55
3,HLS,0,10,26460,15,4,0.00473,0.975,1.56
4,RGB,1,10,16224,6,4,0.00543,0.975,1.75
4,HSV,0,10,32448,12,4,0.00396,0.975,1.77
3,HLS,1,10,26460,15,4,0.00518,0.975,1.81
3,RGB,1,10,26460,15,4,0.00472,0.975,1.85
3,YCrCb,2,10,26460,15,4,0.00648,0.975,1.91
4,HSV,2,10,24336,9,4,0.00502,0.975,1.96
4,HLS,0,10,32448,12,4,0.00439,0.975,2.02
4,YCrCb,0,10,24336,9,4,0.00462,0.975,2.09
2,RGB,ALL,10,32400,12,4,0.00455,0.975,2.18
4,LUV,0,10,32448,12,4,0.00417,0.975,2.24
4,HSV,ALL,10,48672,6,4,0.00609,0.975,2.73
4,YUV,0,10,40560,15,4,0.00465,0.975,2.75
4,YCrCb,0,10,32448,12,4,0.0073,0.975,2.79
4,YCrCb,0,10,40560,15,4,0.00445,0.975,3.02
4,HLS,ALL,10,48672,6,4,0.00938,0.975,3.38
4,LUV,ALL,10,73008,9,4,0.00555,0.975,4.38
4,RGB,ALL,10,48672,6,4,0.00485,0.975,6.5
4,YUV,1,10,192,12,16,0.00346,0.97,0.01
1,YCrCb,1,10,384,6,8,0.00281,0.97,0.02
4,LUV,ALL,10,288,6,16,0.00297,0.97,0.02
1,HSV,0,10,240,15,16,0.003,0.97,0.02
1,LUV,1,10,192,12,16,0.00333,0.97,0.02
1,HSV,0,10,300,12,12,0.00349,0.97,0.02
4,LUV,1,10,240,15,16,0.0036,0.97,0.02
4,YCrCb,ALL,10,432,9,16,0.00395,0.97,0.02
1,YUV,1,10,375,15,12,0.00453,0.97,0.02
2,YUV,1,10,432,12,16,0.0053,0.97,0.02
2,HSV,0,10,432,12,16,0.00288,0.97,0.03
3,YCrCb,1,10,432,12,16,0.00333,0.97,0.03
1,YUV,0,10,576,9,8,0.00286,0.97,0.04
2,YUV,1,10,576,9,12,0.00306,0.97,0.04
1,YUV,ALL,10,900,12,12,0.00317,0.97,0.04
1,YCrCb,0,10,375,15,12,0.00321,0.97,0.04
2,LUV,1,10,540,15,16,0.00334,0.97,0.04
2,YUV,1,10,768,12,12,0.00336,0.97,0.04
4,HLS,ALL,10,576,12,16,0.00345,0.97,0.04
2,LUV,2,10,768,12,12,0.00375,0.97,0.04
2,LUV,2,10,216,6,16,0.00298,0.97,0.05
1,LUV,ALL,10,1152,6,8,0.00306,0.97,0.05
4,YCrCb,0,10,192,12,16,0.0031,0.97,0.05
3,YUV,1,10,729,9,12,0.00323,0.97,0.05
3,YUV,1,10,972,12,12,0.00356,0.97,0.05
2,YCrCb,2,10,432,12,16,0.00413,0.97,0.05
2,YUV,0,10,576,9,12,0.00314,0.97,0.06
3,LUV,1,10,324,9,16,0.00321,0.97,0.06
3,LUV,2,10,324,9,16,0.00335,0.97,0.06
2,LUV,1,10,960,15,12,0.00338,0.97,0.06
4,LUV,2,10,576,9,12,0.00354,0.97,0.06
1,HLS,1,10,768,12,8,0.00365,0.97,0.06
2,YUV,0,10,324,9,16,0.0037,0.97,0.06
1,HLS,0,10,960,15,8,0.00277,0.97,0.07
1,RGB,2,10,960,15,8,0.0033,0.97,0.07
4,YUV,2,10,960,15,12,0.00342,0.97,0.07
1,HLS,0,10,768,12,8,0.00349,0.97,0.07
2,YCrCb,1,10,1764,9,8,0.00302,0.97,0.08
4,YCrCb,ALL,10,1728,9,12,0.00452,0.97,0.08
2,HSV,ALL,10,1620,15,16,0.00309,0.97,0.09
4,RGB,ALL,10,720,15,16,0.00338,0.97,0.09
1,YCrCb,0,10,768,12,8,0.00379,0.97,0.09
4,RGB,ALL,10,576,12,16,0.00393,0.97,0.09
4,HSV,0,10,768,12,12,0.00305,0.97,0.11
2,HSV,ALL,10,1728,9,12,0.00368,0.97,0.11
1,LUV,0,10,1536,6,4,0.0037,0.97,0.11
1,RGB,ALL,10,1152,6,8,0.00409,0.97,0.11
2,YUV,0,10,1176,6,8,0.00429,0.97,0.11
3,YCrCb,1,10,1944,6,8,0.00444,0.97,0.11
3,LUV,1,10,729,9,12,0.00387,0.97,0.12
2,HSV,0,10,2352,12,8,0.00414,0.97,0.12
1,RGB,1,10,2304,9,4,0.00298,0.97,0.13
2,YUV,1,10,2940,15,8,0.00342,0.97,0.13
4,HLS,1,10,384,6,12,0.0039,0.97,0.13
2,HLS,0,10,2352,12,8,0.00413,0.97,0.13
2,HSV,2,10,1764,9,8,0.00334,0.97,0.14
2,RGB,1,10,1764,9,8,0.00341,0.97,0.14
2,HLS,ALL,10,2880,15,12,0.00372,0.97,0.16
1,YCrCb,0,10,3072,12,4,0.0042,0.97,0.16
2,YUV,ALL,10,3528,6,8,0.00492,0.97,0.16
4,YCrCb,1,10,2400,6,8,0.07727,0.97,0.16
3,LUV,1,10,2916,9,8,0.00335,0.97,0.17
2,LUV,0,10,2352,12,8,0.00338,0.97,0.17
1,LUV,1,10,3840,15,4,0.00338,0.97,0.18
2,HSV,ALL,10,2880,15,12,0.00356,0.97,0.18
3,HSV,ALL,10,2916,12,12,0.00407,0.97,0.18
2,YCrCb,2,10,2940,15,8,0.00498,0.97,0.18
3,LUV,0,10,729,9,12,0.00348,0.97,0.2
3,LUV,2,10,3888,12,8,0.004,0.97,0.2
3,YCrCb,ALL,10,3645,15,12,0.00416,0.97,0.2
2,RGB,2,10,1764,9,8,0.00434,0.97,0.2
1,HLS,1,10,3840,15,4,0.00412,0.97,0.21
3,YCrCb,1,10,4860,15,8,0.00384,0.97,0.22
3,YCrCb,1,10,3888,12,8,0.00539,0.97,0.22
4,LUV,2,10,3600,9,8,0.00321,0.97,0.24
3,HLS,1,10,2916,9,8,0.00338,0.97,0.24
2,YUV,1,10,5400,6,4,0.00365,0.97,0.24
2,LUV,1,10,5400,6,4,0.00375,0.97,0.25
2,RGB,ALL,10,2304,12,12,0.00318,0.97,0.27
2,YUV,0,10,5400,6,4,0.00449,0.97,0.31
2,RGB,ALL,10,3528,6,8,0.00374,0.97,0.33
4,LUV,0,10,4800,12,8,0.00333,0.97,0.36
4,LUV,ALL,10,7200,6,8,0.00355,0.97,0.36
3,HSV,2,10,2916,9,8,0.00407,0.97,0.36
4,YCrCb,2,10,6000,15,8,0.00492,0.97,0.36
2,LUV,0,10,5400,6,4,0.00355,0.97,0.37
4,HLS,ALL,10,7200,6,8,0.00361,0.97,0.41
3,YUV,0,10,4860,15,8,0.00373,0.97,0.43
2,YCrCb,2,10,8100,9,4,0.00392,0.97,0.45
4,YCrCb,0,10,4800,12,8,0.00415,0.97,0.48
2,RGB,ALL,10,7056,12,8,0.00352,0.97,0.51
3,LUV,0,10,4860,15,8,0.00356,0.97,0.52
2,RGB,ALL,10,5292,9,8,0.0079,0.97,0.54
4,HLS,1,10,6000,15,8,0.00534,0.97,0.56
2,HLS,0,10,10800,12,4,0.00384,0.97,0.58
3,YUV,2,10,10584,6,4,0.00396,0.97,0.61
1,LUV,ALL,10,11520,15,4,0.00574,0.97,0.64
3,RGB,ALL,10,5832,6,8,0.0035,0.97,0.71
2,YUV,2,10,13500,15,4,0.00343,0.97,0.72
2,RGB,1,10,8100,9,4,0.00413,0.97,0.72
2,LUV,1,10,13500,15,4,0.00462,0.97,0.76
1,RGB,ALL,10,11520,15,4,0.00434,0.97,0.82
3,YCrCb,1,10,15876,9,4,0.00409,0.97,0.85
2,HSV,2,10,13500,15,4,0.00383,0.97,0.87
2,HSV,1,10,13500,15,4,0.00448,0.97,0.88
2,LUV,0,10,13500,15,4,0.00531,0.97,0.88
4,YUV,1,10,16224,6,4,0.0038,0.97,0.92
3,LUV,1,10,15876,9,4,0.00435,0.97,0.93
3,LUV,2,10,15876,9,4,0.00361,0.97,0.98
2,YCrCb,0,10,13500,15,4,0.00522,0.97,1.06
2,HLS,1,10,10800,12,4,0.00449,0.97,1.17
4,YUV,0,10,16224,6,4,0.00423,0.97,1.29
3,YUV,0,10,15876,9,4,0.00503,0.97,1.3
3,HLS,1,10,21168,12,4,0.00421,0.97,1.34
3,YUV,0,10,21168,12,4,0.00543,0.97,1.35
3,RGB,1,10,15876,9,4,0.0056,0.97,1.54
4,YUV,1,10,32448,12,4,0.00414,0.97,1.58
4,YUV,1,10,24336,9,4,0.00389,0.97,1.63
3,HSV,2,10,26460,15,4,0.00533,0.97,1.71
4,RGB,2,10,16224,6,4,0.00464,0.97,1.76
4,LUV,0,10,24336,9,4,0.00375,0.97,1.79
3,LUV,1,10,26460,15,4,0.00626,0.97,1.95
4,YCrCb,1,10,32448,12,4,0.00432,0.97,2.05
4,RGB,1,10,24336,9,4,0.00415,0.97,2.11
3,LUV,ALL,10,47628,9,4,0.00529,0.97,2.3
4,LUV,0,10,40560,15,4,0.00443,0.97,2.69
4,RGB,0,10,40560,15,4,0.00922,0.97,2.83
4,HLS,1,10,32448,12,4,0.00582,0.97,3.12
4,RGB,ALL,10,73008,9,4,0.00704,0.97,14.58
1,YCrCb,1,10,240,15,16,0.00312,0.965,0.01
4,YCrCb,1,10,192,12,16,0.00365,0.965,0.01
1,YCrCb,2,10,375,15,12,0.00303,0.965,0.02
4,LUV,1,10,192,12,16,0.00353,0.965,0.02
1,YUV,2,10,225,9,12,0.00643,0.965,0.02
2,YCrCb,1,10,540,15,16,0.00383,0.965,0.03
2,YUV,1,10,324,9,16,0.00413,0.965,0.03
1,YUV,1,10,768,12,8,0.00328,0.965,0.04
1,YCrCb,2,10,768,12,8,0.004,0.965,0.04
1,YCrCb,0,10,576,9,8,0.00416,0.965,0.04
1,HLS,1,10,576,9,8,0.00429,0.965,0.04
2,LUV,2,10,576,9,12,0.00295,0.965,0.05
1,YCrCb,1,10,960,15,8,0.00329,0.965,0.05
1,HSV,2,10,768,12,8,0.00345,0.965,0.05
2,HLS,0,10,432,12,16,0.00386,0.965,0.05
1,LUV,1,10,768,12,8,0.00401,0.965,0.05
3,YUV,1,10,486,6,12,0.00401,0.965,0.05
1,HSV,1,10,192,12,16,0.00468,0.965,0.05
1,LUV,1,10,960,15,8,0.0032,0.965,0.06
2,HLS,0,10,768,12,12,0.00336,0.965,0.06
3,HSV,0,10,432,12,16,0.00371,0.965,0.06
3,YCrCb,2,10,729,9,12,0.00302,0.965,0.07
1,HSV,0,10,1536,6,4,0.00335,0.965,0.07
2,HSV,ALL,10,972,9,16,0.0039,0.965,0.07
3,YCrCb,0,10,432,12,16,0.00304,0.965,0.08
1,YUV,2,10,1536,6,4,0.00322,0.965,0.08
2,YCrCb,2,10,1176,6,8,0.00336,0.965,0.08
3,HSV,0,10,972,12,12,0.00343,0.965,0.08
2,HLS,1,10,960,15,12,0.00348,0.965,0.08
2,HSV,2,10,768,12,12,0.00298,0.965,0.09
4,YCrCb,2,10,768,12,12,0.00306,0.965,0.09
3,YCrCb,2,10,972,12,12,0.00317,0.965,0.09
3,YUV,2,10,1215,15,12,0.00345,0.965,0.09
3,YUV,0,10,216,6,16,0.0035,0.965,0.09
2,LUV,1,10,1764,9,8,0.00418,0.965,0.09
4,YUV,ALL,10,1152,6,12,0.00432,0.965,0.09
1,HLS,ALL,10,1728,9,8,0.00698,0.965,0.09
1,YCrCb,0,10,960,15,8,0.00487,0.965,0.1
4,RGB,ALL,10,432,9,16,0.00378,0.965,0.11
3,HSV,ALL,10,1620,15,16,0.00389,0.965,0.11
1,RGB,1,10,1536,6,4,0.00583,0.965,0.11
2,YUV,2,10,1764,9,8,0.00722,0.965,0.11
4,YUV,0,10,960,15,12,0.00343,0.965,0.12
2,HLS,1,10,1764,9,8,0.0034,0.965,0.13
2,RGB,0,10,1764,9,8,0.00402,0.965,0.13
2,YCrCb,ALL,10,2880,15,12,0.00435,0.965,0.13
1,YUV,2,10,3072,12,4,0.00373,0.965,0.14
2,YCrCb,2,10,2352,12,8,0.00446,0.965,0.14
1,HSV,2,10,2304,9,4,0.00384,0.965,0.15
4,HSV,ALL,10,1728,9,12,0.00385,0.965,0.15
3,YCrCb,2,10,1944,6,8,0.00277,0.965,0.16
4,HLS,ALL,10,1728,9,12,0.00366,0.965,0.16
2,YUV,0,10,1764,9,8,0.0037,0.965,0.16
1,RGB,0,10,3072,12,4,0.00354,0.965,0.17
3,LUV,0,10,486,6,12,0.003,0.965,0.18
3,YUV,1,10,3888,12,8,0.00332,0.965,0.18
3,HLS,1,10,486,6,12,0.0042,0.965,0.19
2,YUV,0,10,2940,15,8,0.00322,0.965,0.2
2,HSV,2,10,2940,15,8,0.00327,0.965,0.2
1,YUV,2,10,3840,15,4,0.00401,0.965,0.2
1,YUV,0,10,3840,15,4,0.00415,0.965,0.2
1,YCrCb,ALL,10,4608,6,4,0.00434,0.965,0.2
1,HSV,0,10,3840,15,4,0.00341,0.965,0.21
3,YUV,2,10,2916,9,8,0.00382,0.965,0.21
1,RGB,2,10,3840,15,4,0.00398,0.965,0.21
3,YCrCb,2,10,2916,9,8,0.00444,0.965,0.21
2,RGB,1,10,216,6,16,0.02456,0.965,0.22
4,HSV,ALL,10,2880,15,12,0.00339,0.965,0.23
3,LUV,0,10,2916,9,8,0.00452,0.965,0.23
3,YUV,2,10,1944,6,8,0.00461,0.965,0.23
3,YUV,0,10,2916,9,8,0.00335,0.965,0.24
3,HLS,0,10,3888,12,8,0.00465,0.965,0.25
3,RGB,1,10,2916,9,8,0.00541,0.965,0.26
3,HSV,1,10,3888,12,8,0.0032,0.965,0.27
4,LUV,0,10,3600,9,8,0.00418,0.965,0.27
2,RGB,ALL,10,2880,15,12,0.00432,0.965,0.27
3,YCrCb,2,10,4860,15,8,0.00445,0.965,0.27
3,HSV,ALL,10,3645,15,12,0.00343,0.965,0.28
2,LUV,2,10,5400,6,4,0.00384,0.965,0.28
3,YUV,ALL,10,5832,6,8,0.00463,0.965,0.29
3,HSV,2,10,3888,12,8,0.00327,0.965,0.3
2,RGB,ALL,10,1728,9,12,0.00335,0.965,0.31
4,HLS,1,10,2400,6,8,0.0034,0.965,0.31
4,YCrCb,1,10,6000,15,8,0.00476,0.965,0.32
2,LUV,ALL,10,7056,12,8,0.00525,0.965,0.32
4,YUV,2,10,6000,15,8,0.00353,0.965,0.33
3,RGB,2,10,3888,12,8,0.00362,0.965,0.35
2,RGB,1,10,5400,6,4,0.00372,0.965,0.35
4,HLS,0,10,4800,12,8,0.00438,0.965,0.37
2,YCrCb,1,10,8100,9,4,0.00409,0.965,0.39
4,HSV,2,10,4800,12,8,0.00458,0.965,0.4
4,YUV,0,10,4800,12,8,0.00398,0.965,0.41
3,RGB,0,10,4860,15,8,0.00721,0.965,0.45
3,RGB,ALL,10,2916,12,12,0.0048,0.965,0.46
2,HSV,2,10,8100,9,4,0.00398,0.965,0.53
4,HSV,2,10,6000,15,8,0.00371,0.965,0.54
3,YUV,1,10,10584,6,4,0.00329,0.965,0.57
3,HSV,0,10,10584,6,4,0.00377,0.965,0.62
3,LUV,2,10,10584,6,4,0.00406,0.965,0.62
4,YCrCb,0,10,6000,15,8,0.00425,0.965,0.64
3,YCrCb,1,10,10584,6,4,0.00593,0.965,0.68
2,YUV,0,10,10800,12,4,0.00418,0.965,0.72
3,RGB,1,10,10584,6,4,0.00532,0.965,0.89
4,HLS,0,10,16224,6,4,0.00379,0.965,1.0
3,RGB,ALL,10,8748,9,8,0.00537,0.965,1.12
3,HSV,0,10,21168,12,4,0.00402,0.965,1.14
3,YCrCb,2,10,21168,12,4,0.00425,0.965,1.27
3,HSV,2,10,21168,12,4,0.00488,0.965,1.36
3,RGB,0,10,15876,9,4,0.00444,0.965,1.58
4,YUV,2,10,40560,15,4,0.00447,0.965,2.07
2,RGB,ALL,10,24300,9,4,0.00535,0.965,2.08
3,RGB,2,10,26460,15,4,0.00615,0.965,2.24
4,HLS,1,10,24336,9,4,0.00458,0.965,2.62
3,RGB,ALL,10,31752,6,4,0.00658,0.965,3.45
3,RGB,ALL,10,47628,9,4,0.00542,0.965,6.74
3,YCrCb,ALL,10,79380,15,4,0.00931,0.965,7.72
4,RGB,ALL,10,97344,12,4,0.00739,0.965,41.67
1,YCrCb,1,10,300,12,12,0.00303,0.96,0.01
1,YCrCb,1,10,192,12,16,0.00309,0.96,0.01
1,LUV,1,10,240,15,16,0.0032,0.96,0.01
4,YCrCb,1,10,144,9,16,0.0034,0.96,0.01
1,HSV,0,10,375,15,12,0.00278,0.96,0.02
1,HLS,0,10,300,12,12,0.00291,0.96,0.02
4,YUV,2,10,192,12,16,0.00292,0.96,0.02
1,YUV,2,10,240,15,16,0.00379,0.96,0.02
1,HLS,0,10,384,6,8,0.00408,0.96,0.02
1,HLS,0,10,192,12,16,0.00566,0.96,0.02
1,RGB,1,10,300,12,12,0.00287,0.96,0.03
3,YUV,1,10,216,6,16,0.00305,0.96,0.03
1,LUV,2,10,384,6,8,0.00309,0.96,0.03
3,YUV,1,10,432,12,16,0.00309,0.96,0.03
2,YCrCb,1,10,384,6,12,0.00354,0.96,0.03
1,LUV,0,10,384,6,8,0.00383,0.96,0.03
1,YCrCb,1,10,576,9,8,0.00387,0.96,0.03
1,HLS,1,10,225,9,12,0.00443,0.96,0.03
1,HSV,0,10,576,9,8,0.00276,0.96,0.04
4,YCrCb,1,10,576,9,12,0.00287,0.96,0.04
1,RGB,1,10,576,9,8,0.00316,0.96,0.04
3,HLS,0,10,432,12,16,0.00318,0.96,0.04
1,LUV,2,10,576,9,8,0.00323,0.96,0.04
4,YCrCb,0,10,96,6,16,0.00326,0.96,0.04
1,YCrCb,2,10,576,9,8,0.0033,0.96,0.04
1,HSV,2,10,96,6,16,0.00342,0.96,0.04
1,YCrCb,0,10,384,6,8,0.00357,0.96,0.04
1,LUV,1,10,576,9,8,0.00364,0.96,0.04
1,HSV,2,10,576,9,8,0.00388,0.96,0.04
4,HSV,2,10,240,15,16,0.00291,0.96,0.05
2,YCrCb,0,10,324,9,16,0.00315,0.96,0.05
3,YCrCb,1,10,1215,15,12,0.0032,0.96,0.05
4,YCrCb,1,10,960,15,12,0.00354,0.96,0.05
2,HSV,0,10,384,6,12,0.00702,0.96,0.05
2,LUV,0,10,324,9,16,0.00293,0.96,0.06
1,LUV,2,10,960,15,8,0.00307,0.96,0.06
2,YUV,1,10,1176,6,8,0.0031,0.96,0.06
1,LUV,0,10,768,12,8,0.00361,0.96,0.06
4,YCrCb,2,10,960,15,12,0.00304,0.96,0.07
2,YUV,2,10,1176,6,8,0.0031,0.96,0.07
2,LUV,1,10,216,6,16,0.00356,0.96,0.07
2,HSV,2,10,576,9,12,0.00367,0.96,0.07
2,HLS,1,10,768,12,12,0.00391,0.96,0.07
4,LUV,2,10,960,15,12,0.00628,0.96,0.07
2,HLS,0,10,384,6,12,0.0029,0.96,0.08
3,HSV,ALL,10,1296,12,16,0.00308,0.96,0.08
3,YCrCb,2,10,432,12,16,0.00342,0.96,0.08
1,HSV,1,10,960,15,8,0.00433,0.96,0.08
3,YCrCb,0,10,540,15,16,0.00287,0.96,0.09
1,RGB,0,10,960,15,8,0.00332,0.96,0.09
3,YUV,0,10,540,15,16,0.0036,0.96,0.09
4,LUV,2,10,768,12,12,0.00502,0.96,0.09
2,YUV,0,10,960,15,12,0.07525,0.96,0.09
1,YCrCb,0,10,1536,6,4,0.00312,0.96,0.1
2,RGB,2,10,960,15,12,0.00316,0.96,0.1
3,YCrCb,2,10,216,6,16,0.00316,0.96,0.1
1,YUV,0,10,1536,6,4,0.00332,0.96,0.1
2,HSV,2,10,1176,6,8,0.00365,0.96,0.1
2,RGB,2,10,576,9,12,0.00457,0.96,0.1
4,YUV,0,10,768,12,12,0.00314,0.96,0.11
2,LUV,0,10,1764,9,8,0.00338,0.96,0.11
3,YUV,0,10,324,9,16,0.00327,0.96,0.12
1,LUV,1,10,2304,9,4,0.00334,0.96,0.12
1,RGB,2,10,1536,6,4,0.00399,0.96,0.13
2,YCrCb,0,10,1764,9,8,0.00408,0.96,0.13
2,YCrCb,0,10,576,9,12,0.00485,0.96,0.13
2,HLS,0,10,1764,9,8,0.00318,0.96,0.14
4,YUV,1,10,2400,6,8,0.00335,0.96,0.14
1,YCrCb,1,10,3072,12,4,0.00335,0.96,0.14
3,LUV,0,10,972,12,12,0.00388,0.96,0.14
3,YUV,1,10,1944,6,8,0.004,0.96,0.14
1,LUV,1,10,3072,12,4,0.00308,0.96,0.15
3,RGB,1,10,486,6,12,0.00396,0.96,0.15
2,YCrCb,1,10,2940,15,8,0.0051,0.96,0.15
1,YUV,0,10,3072,12,4,0.00369,0.96,0.16
3,RGB,1,10,972,12,12,0.00394,0.96,0.16
2,LUV,1,10,2940,15,8,0.00399,0.96,0.16
3,HLS,1,10,972,12,12,0.00462,0.96,0.17
1,HLS,2,10,3072,12,4,0.0047,0.96,0.17
1,RGB,2,10,3072,12,4,0.00294,0.96,0.18
1,RGB,ALL,10,1728,9,8,0.00301,0.96,0.18
3,HSV,ALL,10,2187,9,12,0.00324,0.96,0.19
3,LUV,2,10,2916,9,8,0.0035,0.96,0.19
1,RGB,1,10,3840,15,4,0.00516,0.96,0.19
3,YUV,1,10,2916,9,8,0.00327,0.96,0.21
3,RGB,1,10,1944,6,8,0.00338,0.96,0.21
3,HSV,0,10,3888,12,8,0.0034,0.96,0.21
4,YCrCb,2,10,2400,6,8,0.00398,0.96,0.21
1,YCrCb,0,10,3840,15,4,0.00408,0.96,0.21
4,LUV,1,10,3600,9,8,0.00328,0.96,0.22
4,YCrCb,1,10,3600,9,8,0.0039,0.96,0.22
2,YCrCb,0,10,2940,15,8,0.00428,0.96,0.22
2,RGB,ALL,10,1152,6,12,0.00466,0.96,0.22
1,HSV,0,10,2304,9,4,0.00475,0.96,0.23
3,LUV,2,10,4860,15,8,0.00402,0.96,0.26
4,YUV,2,10,4800,12,8,0.00389,0.96,0.27
3,HLS,0,10,4860,15,8,0.00348,0.96,0.29
3,HSV,0,10,4860,15,8,0.00393,0.96,0.29
4,RGB,0,10,2400,6,8,0.00319,0.96,0.31
4,LUV,1,10,6000,15,8,0.00357,0.96,0.33
3,RGB,0,10,3888,12,8,0.0058,0.96,0.33
2,LUV,0,10,2940,15,8,0.00405,0.96,0.34
4,RGB,1,10,2400,6,8,0.00364,0.96,0.35
3,RGB,ALL,10,3645,15,12,0.00355,0.96,0.37
4,RGB,ALL,10,2304,12,12,0.00563,0.96,0.38
4,HLS,1,10,4800,12,8,0.00443,0.96,0.39
2,HLS,0,10,8100,9,4,0.0042,0.96,0.4
4,RGB,2,10,3600,9,8,0.00612,0.96,0.4
3,RGB,ALL,10,1458,6,12,0.00327,0.96,0.41
2,YCrCb,0,10,5400,6,4,0.00338,0.96,0.41
3,HLS,ALL,10,5832,6,8,0.00367,0.96,0.41
3,HLS,1,10,4860,15,8,0.00386,0.96,0.42
3,YCrCb,0,10,4860,15,8,0.00647,0.96,0.42
1,YCrCb,ALL,10,9216,12,4,0.00318,0.96,0.5
4,RGB,0,10,6000,15,8,0.00328,0.96,0.51
2,LUV,1,10,10800,12,4,0.00456,0.96,0.6
2,HSV,2,10,10800,12,4,0.00457,0.96,0.66
2,RGB,2,10,10800,12,4,0.00503,0.96,0.71
3,HLS,1,10,10584,6,4,0.00362,0.96,0.78
3,YUV,1,10,15876,9,4,0.00516,0.96,0.87
2,RGB,0,10,13500,15,4,0.00387,0.96,0.91
2,YCrCb,0,10,10800,12,4,0.00526,0.96,1.04
4,YCrCb,2,10,16224,6,4,0.08229,0.96,1.04
3,HLS,1,10,15876,9,4,0.00376,0.96,1.17
3,YUV,2,10,26460,15,4,0.00409,0.96,1.32
2,RGB,ALL,10,16200,6,4,0.00525,0.96,1.68
4,RGB,2,10,24336,9,4,0.00518,0.96,1.7
4,HLS,1,10,16224,6,4,0.00363,0.96,1.74
3,RGB,0,10,21168,12,4,0.02281,0.96,2.15
3,RGB,0,10,26460,15,4,0.004,0.96,2.17
4,RGB,0,10,24336,9,4,0.00408,0.96,2.22
4,RGB,1,10,32448,12,4,0.00488,0.96,2.39
4,HLS,1,10,40560,15,4,0.00531,0.96,2.7
4,RGB,2,10,40560,15,4,0.00689,0.96,2.99
2,RGB,ALL,10,40500,15,4,0.00498,0.96,3.61
4,RGB,ALL,10,121680,15,4,0.00834,0.96,31.95
1,YCrCb,1,10,225,9,12,0.0032,0.955,0.01
1,YUV,1,10,225,9,12,0.00358,0.955,0.01
1,YUV,1,10,300,12,12,0.00359,0.955,0.01
1,YUV,1,10,192,12,16,0.0036,0.955,0.01
1,YUV,1,10,384,6,8,0.00299,0.955,0.02
1,YCrCb,2,10,240,15,16,0.00301,0.955,0.02
1,HLS,0,10,375,15,12,0.00308,0.955,0.02
1,HLS,0,10,225,9,12,0.00336,0.955,0.02
1,YUV,0,10,192,12,16,0.00337,0.955,0.02
1,LUV,ALL,10,450,6,12,0.00398,0.955,0.02
1,YUV,0,10,300,12,12,0.00303,0.955,0.03
3,YUV,1,10,540,15,16,0.00315,0.955,0.03
1,RGB,1,10,375,15,12,0.00347,0.955,0.03
4,LUV,2,10,96,6,16,0.00347,0.955,0.03
4,HSV,0,10,192,12,16,0.00367,0.955,0.03
4,YUV,1,10,576,9,12,0.0039,0.955,0.03
1,YCrCb,2,10,384,6,8,0.00402,0.955,0.03
4,HLS,1,10,192,12,16,0.00309,0.955,0.04
4,YUV,1,10,384,6,12,0.00314,0.955,0.04
4,YCrCb,0,10,144,9,16,0.00329,0.955,0.04
1,YUV,0,10,225,9,12,0.00336,0.955,0.04
1,HLS,1,10,240,15,16,0.00342,0.955,0.04
4,LUV,2,10,384,6,12,0.00364,0.955,0.04
1,HSV,2,10,384,6,8,0.00381,0.955,0.04
3,LUV,1,10,432,12,16,0.004,0.955,0.04
4,HSV,0,10,96,6,16,0.00299,0.955,0.05
2,RGB,1,10,324,9,16,0.00303,0.955,0.05
3,LUV,2,10,972,12,12,0.00312,0.955,0.05
1,HLS,0,10,576,9,8,0.00322,0.955,0.05
1,HSV,1,10,768,12,8,0.00338,0.955,0.05
1,RGB,2,10,768,12,8,0.00365,0.955,0.05
1,YUV,2,10,960,15,8,0.00366,0.955,0.05
1,YCrCb,0,10,300,12,12,0.00767,0.955,0.05
2,YCrCb,0,10,216,6,16,0.00298,0.955,0.06
1,HLS,1,10,960,15,8,0.00304,0.955,0.06
3,YUV,2,10,540,15,16,0.00305,0.955,0.06
3,LUV,0,10,432,12,16,0.00324,0.955,0.06
3,LUV,2,10,540,15,16,0.00334,0.955,0.06
2,HSV,0,10,576,9,12,0.00346,0.955,0.06
2,HLS,1,10,576,9,12,0.00356,0.955,0.06
2,LUV,0,10,384,6,12,0.00375,0.955,0.06
1,RGB,2,10,576,9,8,0.00616,0.955,0.06
2,LUV,0,10,576,9,12,0.00296,0.955,0.07
2,RGB,2,10,540,15,16,0.00349,0.955,0.07
2,HLS,0,10,960,15,12,0.00362,0.955,0.07
2,HSV,0,10,540,15,16,0.00366,0.955,0.07
1,YUV,0,10,960,15,8,0.00378,0.955,0.07
3,LUV,2,10,486,6,12,0.00555,0.955,0.07
3,RGB,1,10,216,6,16,0.00293,0.955,0.08
3,YUV,0,10,432,12,16,0.00302,0.955,0.08
1,RGB,ALL,10,720,15,16,0.00307,0.955,0.08
3,HSV,ALL,10,972,9,16,0.00319,0.955,0.08
3,YCrCb,0,10,324,9,16,0.00366,0.955,0.08
2,HLS,1,10,432,12,16,0.00443,0.955,0.08
2,HSV,2,10,216,6,16,0.00463,0.955,0.08
2,YCrCb,0,10,1176,6,8,0.00333,0.955,0.09
2,YUV,1,10,1764,9,8,0.00348,0.955,0.09
3,HSV,2,10,216,6,16,0.00349,0.955,0.09
2,LUV,2,10,1764,9,8,0.00443,0.955,0.1
1,YUV,1,10,2304,9,4,0.00381,0.955,0.11
2,RGB,2,10,384,6,12,0.00372,0.955,0.12
2,YCrCb,2,10,1764,9,8,0.00431,0.955,0.12
1,RGB,ALL,10,900,12,12,0.0054,0.955,0.12
1,RGB,ALL,10,675,9,12,0.00402,0.955,0.13
2,YCrCb,1,10,2352,12,8,0.00403,0.955,0.13
4,HSV,2,10,960,15,12,0.00313,0.955,0.14
3,LUV,2,10,1944,6,8,0.00368,0.955,0.14
3,RGB,ALL,10,648,6,16,0.00545,0.955,0.14
4,LUV,1,10,2400,6,8,0.00667,0.955,0.15
3,YUV,0,10,729,9,12,0.00383,0.955,0.16
3,HLS,ALL,10,2187,9,12,0.00346,0.955,0.17
2,HLS,1,10,2352,12,8,0.00364,0.955,0.17
2,HSV,2,10,2352,12,8,0.0037,0.955,0.17
3,RGB,0,10,972,12,12,0.00519,0.955,0.17
4,HLS,1,10,768,12,12,0.00526,0.955,0.17
4,RGB,0,10,960,15,12,0.00352,0.955,0.18
3,HSV,2,10,972,12,12,0.00353,0.955,0.18
2,RGB,ALL,10,1296,12,16,0.00372,0.955,0.18
1,RGB,ALL,10,2880,15,8,0.00334,0.955,0.2
3,YUV,2,10,3888,12,8,0.00413,0.955,0.2
1,LUV,0,10,3840,15,4,0.00414,0.955,0.2
2,RGB,0,10,2940,15,8,0.00417,0.955,0.21
1,HSV,1,10,3840,15,4,0.00497,0.955,0.21
3,LUV,0,10,324,9,16,0.01037,0.955,0.21
3,YCrCb,2,10,3888,12,8,0.00463,0.955,0.25
3,HSV,2,10,1944,6,8,0.00325,0.955,0.28
3,YUV,0,10,3888,12,8,0.00376,0.955,0.28
4,YCrCb,2,10,4800,12,8,0.004,0.955,0.29
4,HSV,0,10,4800,12,8,0.00408,0.955,0.29
3,LUV,0,10,3888,12,8,0.0034,0.955,0.3
4,RGB,ALL,10,2880,15,12,0.0037,0.955,0.34
4,YCrCb,0,10,3600,9,8,0.00367,0.955,0.35
4,HLS,1,10,3600,9,8,0.00407,0.955,0.35
4,LUV,2,10,6000,15,8,0.0047,0.955,0.35
4,HSV,2,10,3600,9,8,0.00415,0.955,0.37
4,HSV,0,10,6000,15,8,0.00405,0.955,0.4
4,RGB,1,10,3600,9,8,0.0047,0.955,0.43
2,YUV,0,10,8100,9,4,0.00411,0.955,0.49
4,RGB,2,10,4800,12,8,0.00408,0.955,0.53
2,YUV,1,10,13500,15,4,0.0048,0.955,0.65
3,LUV,1,10,10584,6,4,0.00346,0.955,0.67
2,RGB,0,10,5400,6,4,0.00452,0.955,0.72
3,YCrCb,2,10,10584,6,4,0.0054,0.955,0.73
3,HLS,2,10,10584,6,4,0.00363,0.955,0.76
2,RGB,1,10,10800,12,4,0.00241,0.955,0.78
3,YUV,0,10,10584,6,4,0.004,0.955,0.82
4,LUV,1,10,16224,6,4,0.00506,0.955,0.92
3,HSV,0,10,15876,9,4,0.00359,0.955,0.99
3,HSV,1,10,21168,12,4,0.00465,0.955,1.31
3,HLS,2,10,21168,12,4,0.00374,0.955,1.4
4,RGB,0,10,16224,6,4,0.00799,0.955,1.65
3,RGB,2,10,21168,12,4,0.00562,0.955,2.19
4,YUV,1,10,144,9,16,0.00297,0.95,0.01
1,YCrCb,1,10,144,9,16,0.00284,0.95,0.02
1,HSV,0,10,150,6,12,0.00308,0.95,0.02
1,LUV,1,10,375,15,12,0.00356,0.95,0.02
1,YCrCb,2,10,192,12,16,0.00395,0.95,0.02
1,HSV,0,10,192,12,16,0.00436,0.95,0.02
1,YUV,2,10,375,15,12,0.00437,0.95,0.02
4,LUV,0,10,144,9,16,0.00291,0.95,0.03
2,LUV,2,10,432,12,16,0.00303,0.95,0.03
4,HLS,ALL,10,288,6,16,0.00322,0.95,0.03
1,HSV,2,10,375,15,12,0.00338,0.95,0.03
1,YUV,2,10,384,6,8,0.00349,0.95,0.03
2,YCrCb,1,10,324,9,16,0.00394,0.95,0.03
4,RGB,0,10,240,15,16,0.00437,0.95,0.03
1,LUV,2,10,375,15,12,0.00459,0.95,0.03
1,YUV,0,10,384,6,8,0.00304,0.95,0.04
1,RGB,0,10,300,12,12,0.00305,0.95,0.04
2,LUV,1,10,324,9,16,0.00356,0.95,0.04
2,LUV,1,10,432,12,16,0.00357,0.95,0.04
1,HSV,ALL,10,675,9,12,0.00369,0.95,0.04
4,YCrCb,0,10,240,15,16,0.00391,0.95,0.04
2,LUV,2,10,540,15,16,0.00288,0.95,0.05
2,LUV,1,10,384,6,12,0.00295,0.95,0.05
1,YCrCb,2,10,960,15,8,0.00336,0.95,0.05
4,HSV,2,10,192,12,16,0.00355,0.95,0.05
4,LUV,1,10,384,6,12,0.00387,0.95,0.05
2,YCrCb,2,10,768,12,12,0.00389,0.95,0.05
1,HSV,2,10,144,9,16,0.00294,0.95,0.06
3,LUV,1,10,216,6,16,0.00316,0.95,0.06
2,YUV,2,10,960,15,12,0.00365,0.95,0.06
2,YUV,0,10,432,12,16,0.00371,0.95,0.06
2,YCrCb,0,10,432,12,16,0.00378,0.95,0.06
2,HSV,0,10,960,15,12,0.0041,0.95,0.06
3,YCrCb,2,10,540,15,16,0.00293,0.95,0.07
2,RGB,0,10,540,15,16,0.00313,0.95,0.07
2,RGB,1,10,540,15,16,0.0036,0.95,0.07
3,RGB,1,10,540,15,16,0.00367,0.95,0.07
3,YUV,2,10,216,6,16,0.00373,0.95,0.07
3,YUV,2,10,729,9,12,0.00377,0.95,0.07
2,HSV,0,10,1176,6,8,0.00384,0.95,0.07
1,RGB,ALL,10,432,9,16,0.00486,0.95,0.07
3,LUV,2,10,729,9,12,0.006,0.95,0.07
2,LUV,0,10,768,12,12,0.00294,0.95,0.08
2,YCrCb,2,10,216,6,16,0.00322,0.95,0.08
1,LUV,1,10,1536,6,4,0.00334,0.95,0.08
2,RGB,0,10,384,6,12,0.00345,0.95,0.08
2,HSV,2,10,432,12,16,0.00396,0.95,0.08
3,LUV,0,10,540,15,16,0.00407,0.95,0.08
1,RGB,2,10,144,9,16,0.00478,0.95,0.08
2,HLS,1,10,384,6,12,0.00296,0.95,0.09
4,HLS,0,10,768,12,12,0.00424,0.95,0.09
1,LUV,0,10,960,15,8,0.00428,0.95,0.09
2,RGB,1,10,384,6,12,0.00455,0.95,0.09
2,HSV,2,10,540,15,16,0.00469,0.95,0.09
4,RGB,1,10,960,15,12,0.00358,0.95,0.1
3,HLS,1,10,432,12,16,0.0031,0.95,0.11
2,LUV,2,10,2352,12,8,0.00321,0.95,0.11
1,RGB,0,10,1536,6,4,0.00396,0.95,0.11
3,HLS,1,10,540,15,16,0.00305,0.95,0.12
2,HSV,1,10,960,15,12,0.00314,0.95,0.12
2,YUV,2,10,2352,12,8,0.00349,0.95,0.12
3,HSV,0,10,729,9,12,0.00306,0.95,0.13
2,RGB,ALL,10,648,6,16,0.00382,0.95,0.13
1,YCrCb,2,10,2304,9,4,0.00426,0.95,0.13
3,YUV,0,10,972,12,12,0.00431,0.95,0.13
4,YCrCb,0,10,960,15,12,0.00463,0.95,0.13
3,HLS,0,10,1944,6,8,0.00338,0.95,0.14
4,YUV,0,10,576,9,12,0.00356,0.95,0.14
4,RGB,1,10,384,6,12,0.00364,0.95,0.14
3,RGB,ALL,10,1296,12,16,0.00322,0.95,0.15
1,YCrCb,2,10,3072,12,4,0.00347,0.95,0.15
1,HLS,1,10,2304,9,4,0.00392,0.95,0.15
3,RGB,0,10,432,12,16,0.00509,0.95,0.15
1,HSV,1,10,3072,12,4,0.00345,0.95,0.16
3,YCrCb,0,10,1215,15,12,0.005,0.95,0.16
3,RGB,0,10,324,9,16,0.00562,0.95,0.16
2,HLS,ALL,10,3528,6,8,0.00446,0.95,0.17
3,RGB,2,10,1215,15,12,0.00297,0.95,0.18
4,YUV,2,10,2400,6,8,0.00383,0.95,0.18
1,RGB,0,10,2304,9,4,0.00394,0.95,0.18
3,HSV,2,10,1215,15,12,0.00318,0.95,0.19
1,HLS,2,10,3840,15,4,0.00373,0.95,0.2
1,RGB,0,10,3840,15,4,0.00793,0.95,0.25
4,YCrCb,2,10,3600,9,8,0.00447,0.95,0.29
3,HSV,1,10,2916,9,8,0.00356,0.95,0.3
4,RGB,0,10,3600,9,8,0.00362,0.95,0.36
3,HSV,2,10,4860,15,8,0.00334,0.95,0.38
4,LUV,0,10,6000,15,8,0.00368,0.95,0.49
4,RGB,1,10,6000,15,8,0.0036,0.95,0.5
4,YUV,0,10,6000,15,8,0.00343,0.95,0.51
2,YUV,2,10,10800,12,4,0.0051,0.95,0.57
4,YCrCb,1,10,16224,6,4,0.03903,0.95,0.93
3,LUV,0,10,21168,12,4,0.00374,0.95,1.31
3,YCrCb,1,10,26460,15,4,0.00613,0.95,1.51
4,HSV,0,10,24336,9,4,0.00415,0.95,1.54
4,HLS,2,10,24336,9,4,0.00474,0.95,2.1
1,HLS,1,10,192,12,16,0.00304,0.945,0.02
1,YCrCb,1,10,150,6,12,0.00309,0.945,0.02
1,YUV,2,10,144,9,16,0.00314,0.945,0.02
4,YUV,2,10,240,15,16,0.00329,0.945,0.02
1,LUV,1,10,300,12,12,0.00367,0.945,0.02
4,YCrCb,1,10,96,6,16,0.00374,0.945,0.02
1,RGB,1,10,384,6,8,0.00322,0.945,0.03
4,YUV,1,10,96,6,16,0.00324,0.945,0.03
3,YCrCb,1,10,540,15,16,0.00352,0.945,0.03
4,HLS,ALL,10,432,9,16,0.0037,0.945,0.03
4,RGB,1,10,192,12,16,0.00386,0.945,0.03
2,YCrCb,1,10,576,9,12,0.00394,0.945,0.03
4,LUV,0,10,240,15,16,0.00289,0.945,0.04
1,HSV,1,10,300,12,12,0.00295,0.945,0.04
4,HSV,0,10,240,15,16,0.00295,0.945,0.04
1,LUV,2,10,150,6,12,0.00297,0.945,0.04
1,HSV,1,10,384,6,8,0.00302,0.945,0.04
4,YUV,2,10,96,6,16,0.0031,0.945,0.04
2,YCrCb,2,10,540,15,16,0.00314,0.945,0.04
1,RGB,1,10,768,12,8,0.00322,0.945,0.04
3,YCrCb,1,10,216,6,16,0.00339,0.945,0.04
1,YUV,2,10,768,12,8,0.0034,0.945,0.04
4,YUV,0,10,192,12,16,0.00341,0.945,0.04
4,LUV,1,10,576,9,12,0.00349,0.945,0.04
1,HSV,2,10,225,9,12,0.0035,0.945,0.04
4,LUV,1,10,96,6,16,0.00362,0.945,0.04
4,HLS,0,10,240,15,16,0.00362,0.945,0.04
4,YUV,0,10,240,15,16,0.00411,0.945,0.04
2,LUV,2,10,324,9,16,0.00417,0.945,0.04
2,RGB,2,10,324,9,16,0.00329,0.945,0.05
1,YUV,0,10,768,12,8,0.00376,0.945,0.05
1,YCrCb,0,10,192,12,16,0.00377,0.945,0.05
4,YUV,2,10,576,9,12,0.004,0.945,0.05
4,RGB,ALL,10,288,6,16,0.00499,0.945,0.05
1,RGB,0,10,576,9,8,0.00271,0.945,0.06
2,HLS,1,10,216,6,16,0.0029,0.945,0.06
1,HSV,2,10,960,15,8,0.00313,0.945,0.06
2,HLS,1,10,540,15,16,0.00322,0.945,0.06
2,RGB,2,10,432,12,16,0.00368,0.945,0.06
1,HLS,2,10,960,15,8,0.00369,0.945,0.06
2,LUV,1,10,1176,6,8,0.00374,0.945,0.06
1,HSV,0,10,960,15,8,0.00612,0.945,0.06
2,HSV,2,10,384,6,12,0.00289,0.945,0.07
3,HSV,2,10,540,15,16,0.00302,0.945,0.07
2,YUV,0,10,384,6,12,0.00345,0.945,0.07
3,HSV,0,10,486,6,12,0.00346,0.945,0.07
4,HSV,1,10,192,12,16,0.00373,0.945,0.07
2,RGB,1,10,960,15,12,0.00303,0.945,0.08
2,YCrCb,0,10,960,15,12,0.00328,0.945,0.08
2,RGB,2,10,768,12,12,0.00405,0.945,0.09
3,HSV,1,10,432,12,16,0.00415,0.945,0.09
1,RGB,ALL,10,450,6,12,0.00544,0.945,0.09
2,HLS,1,10,1176,6,8,0.00312,0.945,0.1
1,HLS,1,10,1536,6,4,0.00397,0.945,0.1
3,HSV,2,10,432,12,16,0.00407,0.945,0.1
2,RGB,0,10,324,9,16,0.00484,0.945,0.1
2,RGB,0,10,960,15,12,0.05786,0.945,0.1
3,HSV,0,10,540,15,16,0.00299,0.945,0.11
2,YCrCb,0,10,768,12,12,0.00309,0.945,0.11
3,HLS,0,10,486,6,12,0.00391,0.945,0.12
3,RGB,1,10,324,9,16,0.00412,0.945,0.12
4,LUV,0,10,576,9,12,0.00532,0.945,0.12
3,YCrCb,0,10,729,9,12,0.00298,0.945,0.13
3,HLS,1,10,324,9,16,0.00356,0.945,0.13
3,LUV,1,10,1944,6,8,0.00397,0.945,0.13
3,HLS,1,10,729,9,12,0.00338,0.945,0.15
3,RGB,2,10,540,15,16,0.00336,0.945,0.16
4,LUV,2,10,2400,6,8,0.00354,0.945,0.16
1,RGB,1,10,3072,12,4,0.00401,0.945,0.16
3,RGB,0,10,1215,15,12,0.00328,0.945,0.17
3,YCrCb,1,10,2916,9,8,0.00391,0.945,0.17
2,HLS,2,10,2352,12,8,0.00396,0.945,0.18
3,RGB,2,10,1944,6,8,0.00318,0.945,0.21
3,RGB,0,10,486,6,12,0.00611,0.945,0.21
3,HSV,2,10,486,6,12,0.00418,0.945,0.25
2,RGB,2,10,2352,12,8,0.00858,0.945,0.25
3,HLS,1,10,3888,12,8,0.00391,0.945,0.3
2,HSV,2,10,5400,6,4,0.00386,0.945,0.32
4,HLS,2,10,3600,9,8,0.00342,0.945,0.45
4,HSV,1,10,6000,15,8,0.00379,0.945,0.52
4,RGB,1,10,4800,12,8,0.00541,0.945,0.55
1,RGB,ALL,10,4608,6,4,0.00804,0.945,0.56
2,HSV,1,10,10800,12,4,0.0036,0.945,0.69
3,HLS,2,10,26460,15,4,0.00453,0.945,1.66
3,LUV,0,10,26460,15,4,0.00419,0.945,1.72
4,HLS,0,10,24336,9,4,0.00481,0.945,1.72
4,HSV,0,10,40560,15,4,0.00455,0.945,2.38
1,YCrCb,2,10,300,12,12,0.00315,0.94,0.02
1,LUV,2,10,192,12,16,0.00343,0.94,0.02
1,HLS,0,10,240,15,16,0.00361,0.94,0.02
1,YUV,1,10,144,9,16,0.00364,0.94,0.02
4,LUV,2,10,192,12,16,0.00365,0.94,0.02
4,RGB,2,10,240,15,16,0.00292,0.94,0.03
1,HLS,1,10,384,6,8,0.00353,0.94,0.03
1,YCrCb,1,10,96,6,16,0.00356,0.94,0.03
2,YUV,2,10,384,6,12,0.00287,0.94,0.04
1,RGB,1,10,192,12,16,0.0029,0.94,0.04
4,LUV,0,10,96,6,16,0.00293,0.94,0.04
1,YUV,2,10,96,6,16,0.003,0.94,0.04
4,LUV,2,10,240,15,16,0.00321,0.94,0.04
1,YCrCb,0,10,96,6,16,0.00322,0.94,0.04
1,LUV,0,10,225,9,12,0.0033,0.94,0.04
4,YCrCb,1,10,384,6,12,0.00334,0.94,0.04
2,YUV,2,10,432,12,16,0.00342,0.94,0.04
2,YUV,2,10,540,15,16,0.00358,0.94,0.04
4,YUV,0,10,96,6,16,0.00373,0.94,0.04
1,RGB,2,10,384,6,8,0.00409,0.94,0.04
1,YCrCb,0,10,240,15,16,0.0041,0.94,0.04
3,LUV,2,10,432,12,16,0.00421,0.94,0.04
1,LUV,0,10,375,15,12,0.00424,0.94,0.04
1,RGB,2,10,300,12,12,0.00285,0.94,0.05
1,YUV,0,10,240,15,16,0.00286,0.94,0.05
2,HLS,1,10,324,9,16,0.003,0.94,0.05
4,LUV,1,10,768,12,12,0.00315,0.94,0.05
4,RGB,0,10,192,12,16,0.0032,0.94,0.05
1,RGB,2,10,96,6,16,0.00372,0.94,0.05
1,YCrCb,0,10,225,9,12,0.00416,0.94,0.05
1,LUV,0,10,144,9,16,0.00295,0.94,0.06
2,YUV,0,10,216,6,16,0.00324,0.94,0.06
2,YCrCb,2,10,960,15,12,0.00325,0.94,0.06
1,YUV,0,10,144,9,16,0.00375,0.94,0.06
2,YUV,0,10,768,12,12,0.00308,0.94,0.07
2,RGB,0,10,576,9,12,0.00315,0.94,0.07
4,HSV,1,10,96,6,16,0.00366,0.94,0.07
1,RGB,1,10,150,6,12,0.00392,0.94,0.07
1,RGB,0,10,768,12,8,0.00418,0.94,0.07
2,HLS,2,10,432,12,16,0.00313,0.94,0.08
3,HLS,0,10,216,6,16,0.00322,0.94,0.08
1,YCrCb,2,10,1536,6,4,0.00329,0.94,0.08
3,HSV,2,10,324,9,16,0.00351,0.94,0.08
3,RGB,0,10,540,15,16,0.00405,0.94,0.08
3,HLS,0,10,972,12,12,0.0049,0.94,0.08
3,LUV,0,10,216,6,16,0.00295,0.94,0.09
2,HSV,1,10,432,12,16,0.00306,0.94,0.09
3,HLS,1,10,216,6,16,0.0034,0.94,0.09
2,RGB,1,10,768,12,12,0.00357,0.94,0.09
1,HSV,2,10,1536,6,4,0.00372,0.94,0.1
3,YCrCb,2,10,486,6,12,0.00321,0.94,0.11
2,RGB,1,10,576,9,12,0.00325,0.94,0.11
2,HSV,0,10,1764,9,8,0.00329,0.94,0.11
4,HSV,1,10,768,12,12,0.00317,0.94,0.13
1,LUV,2,10,2304,9,4,0.0035,0.94,0.13
3,HSV,0,10,1944,6,8,0.00433,0.94,0.13
1,HLS,2,10,2304,9,4,0.00359,0.94,0.14
4,YCrCb,0,10,768,12,12,0.00525,0.94,0.15
3,HSV,2,10,729,9,12,0.00246,0.94,0.16
4,HSV,2,10,576,9,12,0.00425,0.94,0.16
1,RGB,2,10,2304,9,4,0.00522,0.94,0.16
4,YCrCb,0,10,384,6,12,0.00361,0.94,0.17
3,RGB,1,10,729,9,12,0.00365,0.94,0.17
4,RGB,2,10,960,15,12,0.00308,0.94,0.18
2,HLS,0,10,1176,6,8,0.00951,0.94,0.18
4,RGB,1,10,576,9,12,0.00315,0.94,0.19
3,LUV,0,10,1215,15,12,0.0041,0.94,0.19
3,HLS,2,10,540,15,16,0.00302,0.94,0.22
3,HSV,1,10,972,12,12,0.00312,0.94,0.24
3,YUV,2,10,4860,15,8,0.00407,0.94,0.24
4,YCrCb,0,10,2400,6,8,0.00439,0.94,0.31
2,YCrCb,0,10,2352,12,8,0.00639,0.94,0.33
4,HSV,1,10,2400,6,8,0.00364,0.94,0.36
4,HSV,2,10,2400,6,8,0.00315,0.94,0.38
3,HLS,2,10,4860,15,8,0.0033,0.94,0.38
4,RGB,ALL,10,1728,9,12,0.00421,0.94,0.39
3,RGB,ALL,10,2187,9,12,0.0039,0.94,0.46
2,RGB,0,10,8100,9,4,0.0074,0.94,0.61
2,HLS,2,10,10800,12,4,0.00459,0.94,0.86
3,HSV,1,10,15876,9,4,0.00363,0.94,1.14
3,HLS,2,10,15876,9,4,0.00358,0.94,1.39
4,RGB,2,10,32448,12,4,0.00605,0.94,2.3
4,HLS,2,10,32448,12,4,0.00518,0.94,2.35
4,YCrCb,2,10,192,12,16,0.003,0.935,0.02
1,YUV,2,10,300,12,12,0.00328,0.935,0.02
2,YUV,1,10,216,6,16,0.00378,0.935,0.02
1,LUV,2,10,240,15,16,0.004,0.935,0.02
1,LUV,2,10,300,12,12,0.00426,0.935,0.02
4,HSV,2,10,144,9,16,0.00282,0.935,0.03
1,HSV,0,10,225,9,12,0.00324,0.935,0.03
4,RGB,1,10,240,15,16,0.00331,0.935,0.03
1,HLS,1,10,300,12,12,0.00341,0.935,0.03
1,YUV,0,10,375,15,12,0.00345,0.935,0.03
3,YCrCb,1,10,324,9,16,0.00348,0.935,0.03
1,RGB,0,10,192,12,16,0.0035,0.935,0.03
2,YUV,1,10,384,6,12,0.00381,0.935,0.03
1,HLS,1,10,375,15,12,0.00474,0.935,0.03
1,RGB,1,10,225,9,12,0.00244,0.935,0.04
4,LUV,0,10,192,12,16,0.00309,0.935,0.04
2,HSV,2,10,324,9,16,0.00317,0.935,0.04
1,RGB,2,10,375,15,12,0.00326,0.935,0.04
1,HSV,2,10,240,15,16,0.00341,0.935,0.04
2,HSV,0,10,216,6,16,0.00396,0.935,0.04
3,YCrCb,1,10,729,9,12,0.00303,0.935,0.05
4,YUV,0,10,144,9,16,0.00322,0.935,0.05
4,RGB,1,10,144,9,16,0.00325,0.935,0.05
2,YUV,2,10,768,12,12,0.00577,0.935,0.05
1,YCrCb,0,10,144,9,16,0.003,0.935,0.06
4,RGB,0,10,144,9,16,0.00342,0.935,0.06
4,YCrCb,2,10,576,9,12,0.00365,0.935,0.06
2,RGB,0,10,432,12,16,0.00393,0.935,0.06
2,LUV,0,10,216,6,16,0.00399,0.935,0.06
3,RGB,0,10,216,6,16,0.00288,0.935,0.07
1,YCrCb,0,10,150,6,12,0.00312,0.935,0.07
3,YCrCb,1,10,486,6,12,0.00327,0.935,0.07
3,YUV,2,10,486,6,12,0.00354,0.935,0.07
1,RGB,0,10,150,6,12,0.00479,0.935,0.08
3,HSV,1,10,540,15,16,0.00263,0.935,0.09
3,LUV,2,10,1215,15,12,0.00404,0.935,0.1
3,HLS,0,10,540,15,16,0.00412,0.935,0.1
2,HSV,1,10,1176,6,8,0.00328,0.935,0.11
3,LUV,1,10,486,6,12,0.00354,0.935,0.11
3,YCrCb,0,10,486,6,12,0.00323,0.935,0.12
3,HLS,0,10,1215,15,12,0.0047,0.935,0.12
2,HLS,2,10,540,15,16,0.00292,0.935,0.15
4,HLS,1,10,576,9,12,0.00302,0.935,0.15
4,LUV,0,10,384,6,12,0.00329,0.935,0.15
3,HSV,0,10,1215,15,12,0.00365,0.935,0.15
4,HLS,1,10,960,15,12,0.00415,0.935,0.15
3,YUV,0,10,1215,15,12,0.00418,0.935,0.16
3,HLS,1,10,1215,15,12,0.00345,0.935,0.18
3,HLS,2,10,324,9,16,0.0038,0.935,0.19
3,RGB,ALL,10,972,9,16,0.00395,0.935,0.19
3,RGB,2,10,972,12,12,0.0092,0.935,0.2
4,RGB,2,10,384,6,12,0.00384,0.935,0.21
4,HLS,0,10,2400,6,8,0.00354,0.935,0.22
3,HSV,0,10,2916,9,8,0.00399,0.935,0.23
4,YUV,2,10,3600,9,8,0.00383,0.935,0.27
3,HLS,2,10,3888,12,8,0.00397,0.935,0.31
2,HSV,1,10,8100,9,4,0.00493,0.935,0.48
4,RGB,2,10,6000,15,8,0.00322,0.935,0.49
2,YCrCb,2,10,10800,12,4,0.00662,0.935,0.75
2,HLS,2,10,13500,15,4,0.00477,0.935,0.89
4,HLS,2,10,16224,6,4,0.00367,0.935,1.6
3,HSV,1,10,26460,15,4,0.00435,0.935,1.66
1,YUV,1,10,150,6,12,0.00282,0.93,0.01
1,YUV,1,10,96,6,16,0.0019,0.93,0.02
1,YCrCb,2,10,225,9,12,0.00328,0.93,0.02
1,LUV,0,10,300,12,12,0.00305,0.93,0.03
1,YUV,2,10,576,9,8,0.00337,0.93,0.03
1,HLS,0,10,96,6,16,0.00347,0.93,0.03
2,YUV,2,10,216,6,16,0.00312,0.93,0.04
1,HSV,2,10,192,12,16,0.0032,0.93,0.04
3,YUV,1,10,324,9,16,0.00366,0.93,0.04
4,HLS,1,10,96,6,16,0.00383,0.93,0.04
2,YCrCb,2,10,324,9,16,0.00393,0.93,0.04
1,RGB,0,10,144,9,16,0.0031,0.93,0.06
3,YUV,2,10,324,9,16,0.00374,0.93,0.06
1,RGB,2,10,150,6,12,0.00348,0.93,0.07
3,YUV,2,10,972,12,12,0.00372,0.93,0.08
2,YCrCb,0,10,384,6,12,0.00427,0.93,0.09
1,YUV,2,10,2304,9,4,0.00311,0.93,0.1
3,HSV,1,10,216,6,16,0.00341,0.93,0.1
2,HSV,1,10,768,12,12,0.00492,0.93,0.1
4,RGB,2,10,768,12,12,0.00311,0.93,0.11
2,LUV,0,10,540,15,16,0.00445,0.93,0.12
3,RGB,2,10,324,9,16,0.00505,0.93,0.12
4,RGB,0,10,768,12,12,0.0051,0.93,0.12
2,YUV,2,10,2940,15,8,0.00408,0.93,0.14
3,HSV,0,10,324,9,16,0.00366,0.93,0.15
3,RGB,2,10,729,9,12,0.00557,0.93,0.15
4,LUV,0,10,768,12,12,0.00465,0.93,0.16
3,HLS,2,10,729,9,12,0.00392,0.93,0.21
2,HSV,1,10,2940,15,8,0.00385,0.93,0.22
2,HLS,2,10,2940,15,8,0.00417,0.93,0.22
4,RGB,2,10,576,9,12,0.00409,0.93,0.23
3,HLS,2,10,1944,6,8,0.00403,0.93,0.25
4,HSV,0,10,576,9,12,0.00339,0.93,0.26
2,HLS,2,10,5400,6,4,0.00376,0.93,0.34
4,HLS,2,10,4800,12,8,0.00416,0.93,0.42
4,HSV,1,10,16224,6,4,0.00415,0.93,1.21
4,HSV,1,10,32448,12,4,0.00504,0.93,1.97
4,HSV,1,10,40560,15,4,0.00532,0.93,2.5
4,HLS,2,10,40560,15,4,0.00505,0.93,2.61
1,LUV,1,10,384,6,8,0.00289,0.925,0.02
4,HLS,0,10,192,12,16,0.00417,0.925,0.02
1,YUV,2,10,150,6,12,0.00311,0.925,0.03
1,LUV,1,10,144,9,16,0.00333,0.925,0.03
1,RGB,1,10,240,15,16,0.0037,0.925,0.03
1,LUV,1,10,96,6,16,0.00284,0.925,0.04
1,YCrCb,2,10,150,6,12,0.00299,0.925,0.04
4,YCrCb,2,10,96,6,16,0.00308,0.925,0.04
1,RGB,0,10,384,6,8,0.00319,0.925,0.04
1,LUV,0,10,192,12,16,0.00319,0.925,0.04
4,RGB,1,10,96,6,16,0.00367,0.925,0.04
1,YCrCb,2,10,96,6,16,0.00372,0.925,0.04
1,HLS,1,10,96,6,16,0.00416,0.925,0.04
4,HLS,1,10,144,9,16,0.00435,0.925,0.04
4,YUV,2,10,768,12,12,0.00298,0.925,0.05
4,YCrCb,2,10,144,9,16,0.00324,0.925,0.05
4,YUV,2,10,384,6,12,0.00331,0.925,0.05
4,RGB,2,10,96,6,16,0.00343,0.925,0.05
2,LUV,1,10,576,9,12,0.00344,0.925,0.05
1,HLS,1,10,144,9,16,0.00296,0.925,0.06
1,YUV,0,10,150,6,12,0.00299,0.925,0.06
2,YUV,2,10,324,9,16,0.00338,0.925,0.06
3,YCrCb,2,10,324,9,16,0.00349,0.925,0.06
1,RGB,ALL,10,576,12,16,0.00675,0.925,0.06
2,RGB,2,10,216,6,16,0.00554,0.925,0.07
3,RGB,2,10,432,12,16,0.00612,0.925,0.07
1,RGB,1,10,144,9,16,0.00377,0.925,0.08
2,RGB,0,10,216,6,16,0.00411,0.925,0.08
3,RGB,2,10,216,6,16,0.00581,0.925,0.09
4,YCrCb,0,10,576,9,12,0.00357,0.925,0.1
4,RGB,2,10,144,9,16,0.00406,0.925,0.1
2,RGB,2,10,1176,6,8,0.00506,0.925,0.1
3,HLS,0,10,729,9,12,0.00366,0.925,0.11
2,HSV,1,10,324,9,16,0.0036,0.925,0.12
3,HSV,1,10,324,9,16,0.00362,0.925,0.12
1,HSV,1,10,2304,9,4,0.00294,0.925,0.13
4,HSV,2,10,768,12,12,0.00365,0.925,0.13
2,HLS,2,10,324,9,16,0.00332,0.925,0.19
3,RGB,0,10,1944,6,8,0.00404,0.925,0.19
4,RGB,0,10,576,9,12,0.00703,0.925,0.21
4,HSV,0,10,2400,6,8,0.00373,0.925,0.23
3,HSV,1,10,1944,6,8,0.00327,0.925,0.25
4,HLS,2,10,2400,6,8,0.00324,0.925,0.31
4,HSV,0,10,3600,9,8,0.00351,0.925,0.31
2,HSV,1,10,5400,6,4,0.0036,0.925,0.31
4,HSV,1,10,24336,9,4,0.00457,0.925,1.76
1,HLS,0,10,150,6,12,0.00315,0.92,0.02
1,HSV,0,10,96,6,16,0.00361,0.92,0.02
2,YUV,2,10,576,9,12,0.00299,0.92,0.03
1,RGB,2,10,192,12,16,0.00321,0.92,0.03
1,LUV,2,10,96,6,16,0.00387,0.92,0.03
4,HSV,2,10,96,6,16,0.00363,0.92,0.04
1,HSV,1,10,576,9,8,0.00299,0.92,0.05
1,RGB,0,10,375,15,12,0.00306,0.92,0.05
1,HLS,2,10,576,9,8,0.0035,0.92,0.05
4,HLS,1,10,240,15,16,0.00354,0.92,0.05
2,YCrCb,2,10,384,6,12,0.00393,0.92,0.05
2,LUV,0,10,432,12,16,0.00433,0.92,0.05
2,HLS,0,10,216,6,16,0.0029,0.92,0.06
1,HLS,1,10,150,6,12,0.00371,0.92,0.06
1,HSV,2,10,150,6,12,0.0039,0.92,0.07
1,HLS,2,10,96,6,16,0.00392,0.92,0.07
3,RGB,1,10,432,12,16,0.00318,0.92,0.08
2,HLS,0,10,576,9,12,0.00363,0.92,0.09
1,RGB,ALL,10,288,6,16,0.00385,0.92,0.1
1,HLS,2,10,1536,6,4,0.00398,0.92,0.1
4,HLS,0,10,960,15,12,0.00336,0.92,0.11
2,RGB,0,10,768,12,12,0.00397,0.92,0.11
4,HSV,0,10,960,15,12,0.00486,0.92,0.11
2,HSV,1,10,576,9,12,0.00295,0.92,0.14
4,YUV,0,10,384,6,12,0.00344,0.92,0.15
3,HLS,0,10,2916,9,8,0.00328,0.92,0.25
3,HLS,0,10,324,9,16,0.00476,0.92,0.28
4,HLS,0,10,3600,9,8,0.00467,0.92,0.3
3,HSV,1,10,4860,15,8,0.00333,0.92,0.37
4,HLS,2,10,6000,15,8,0.00352,0.92,0.56
3,HSV,1,10,10584,6,4,0.00374,0.92,0.84
1,YCrCb,2,10,144,9,16,0.00344,0.915,0.02
1,YUV,2,10,192,12,16,0.00389,0.915,0.02
1,LUV,2,10,144,9,16,0.00331,0.915,0.03
1,YUV,0,10,96,6,16,0.00301,0.915,0.04
4,LUV,2,10,144,9,16,0.00326,0.915,0.04
1,HLS,2,10,240,15,16,0.0041,0.915,0.04
2,HLS,0,10,540,15,16,0.00283,0.915,0.05
1,LUV,0,10,150,6,12,0.00336,0.915,0.05
4,HLS,0,10,96,6,16,0.00379,0.915,0.05
4,RGB,2,10,192,12,16,0.00488,0.915,0.06
3,LUV,2,10,216,6,16,0.00328,0.915,0.07
3,YCrCb,0,10,216,6,16,0.0035,0.915,0.08
4,HLS,0,10,384,6,12,0.00297,0.915,0.09
4,YCrCb,2,10,384,6,12,0.00294,0.915,0.1
3,RGB,0,10,729,9,12,0.00366,0.915,0.1
4,HSV,0,10,384,6,12,0.00324,0.915,0.11
4,LUV,0,10,960,15,12,0.00312,0.915,0.12
3,HSV,1,10,729,9,12,0.00394,0.915,0.15
3,HLS,2,10,972,12,12,0.00714,0.915,0.16
4,RGB,0,10,384,6,12,0.00457,0.915,0.2
3,HSV,1,10,486,6,12,0.00403,0.915,0.32
4,HSV,1,10,4800,12,8,0.00506,0.915,0.37
3,HLS,2,10,2916,9,8,0.00366,0.915,0.38
3,YUV,2,10,432,12,16,0.00298,0.91,0.03
1,RGB,0,10,96,6,16,0.00332,0.91,0.03
1,RGB,1,10,96,6,16,0.00288,0.91,0.04
4,HSV,1,10,240,15,16,0.00349,0.91,0.04
1,HLS,2,10,300,12,12,0.00398,0.91,0.04
1,HSV,1,10,240,15,16,0.00326,0.91,0.05
1,HSV,0,10,144,9,16,0.0035,0.91,0.07
4,HSV,1,10,144,9,16,0.00339,0.91,0.08
1,RGB,ALL,10,1125,15,12,0.0036,0.91,0.09
2,HSV,0,10,324,9,16,0.00354,0.91,0.13
4,HSV,1,10,576,9,12,0.00323,0.91,0.18
4,HLS,2,10,960,15,12,0.00374,0.91,0.19
4,HSV,2,10,384,6,12,0.00359,0.91,0.22
2,YCrCb,2,10,576,9,12,0.00307,0.905,0.04
4,RGB,0,10,96,6,16,0.0031,0.905,0.04
1,LUV,0,10,96,6,16,0.00441,0.905,0.04
1,HLS,2,10,375,15,12,0.00346,0.905,0.05
1,HSV,1,10,96,6,16,0.00419,0.905,0.05
1,RGB,2,10,225,9,12,0.00531,0.905,0.06
3,HSV,0,10,216,6,16,0.0029,0.905,0.09
2,HSV,1,10,216,6,16,0.00305,0.905,0.09
1,HSV,1,10,1536,6,4,0.00366,0.905,0.09
2,HSV,1,10,2352,12,8,0.00358,0.905,0.18
3,HSV,1,10,1215,15,12,0.00431,0.905,0.2
3,HLS,2,10,432,12,16,0.00363,0.905,0.23
2,HLS,2,10,8100,9,4,0.00426,0.905,0.52
4,YUV,2,10,144,9,16,0.00445,0.9,0.02
1,RGB,0,10,225,9,12,0.00302,0.9,0.04
1,HLS,2,10,384,6,8,0.00304,0.9,0.04
1,HSV,1,10,375,15,12,0.00373,0.9,0.04
1,HLS,2,10,768,12,8,0.00297,0.9,0.05
2,HLS,2,10,768,12,12,0.00343,0.9,0.07
4,HLS,2,10,144,9,16,0.00421,0.9,0.08
1,HLS,2,10,150,6,12,0.00374,0.9,0.09
2,HLS,0,10,324,9,16,0.00382,0.9,0.13
4,HLS,0,10,576,9,12,0.00357,0.9,0.18
3,HLS,2,10,1215,15,12,0.00336,0.9,0.3
1,RGB,2,10,240,15,16,0.00295,0.895,0.03
1,LUV,1,10,150,6,12,0.00301,0.895,0.04
1,LUV,0,10,240,15,16,0.00423,0.895,0.04
1,HLS,0,10,144,9,16,0.00419,0.895,0.06
1,HLS,2,10,192,12,16,0.00355,0.895,0.07
1,HSV,1,10,144,9,16,0.0037,0.895,0.07
2,HSV,1,10,540,15,16,0.00379,0.895,0.07
4,HSV,0,10,144,9,16,0.00325,0.895,0.08
2,HLS,2,10,960,15,12,0.00327,0.895,0.12
4,HSV,1,10,384,6,12,0.00328,0.895,0.22
1,RGB,0,10,240,15,16,0.00385,0.89,0.04
1,HLS,2,10,144,9,16,0.00315,0.89,0.08
1,HSV,1,10,150,6,12,0.00327,0.89,0.09
4,HLS,2,10,240,15,16,0.00416,0.89,0.09
2,HLS,2,10,216,6,16,0.00357,0.89,0.12
4,HLS,2,10,768,12,12,0.0066,0.89,0.16
4,HSV,1,10,3600,9,8,0.00342,0.89,0.34
4,HLS,2,10,96,6,16,0.00335,0.885,0.07
4,HSV,1,10,960,15,12,0.00445,0.885,0.14
2,HLS,2,10,576,9,12,0.00293,0.885,0.19
2,HSV,1,10,384,6,12,0.00331,0.885,0.2
2,HLS,2,10,384,6,12,0.00339,0.885,0.21
4,HLS,0,10,144,9,16,0.00354,0.88,0.07
1,HSV,1,10,225,9,12,0.00322,0.88,0.09
1,HLS,2,10,225,9,12,0.004,0.88,0.1
3,HLS,2,10,216,6,16,0.00337,0.88,0.11
2,HLS,2,10,1764,9,8,0.00342,0.88,0.16
4,HLS,2,10,384,6,12,0.00315,0.88,0.23
4,HLS,2,10,576,9,12,0.00198,0.88,0.31
4,HLS,2,10,192,12,16,0.00301,0.875,0.12
2,HSV,1,10,1764,9,8,0.00324,0.875,0.15
3,HLS,2,10,486,6,12,0.00342,0.875,0.28
2,HLS,2,10,1176,6,8,0.0045,0.865,0.09
